1.5873,0.49861,0.64328,0.06362,0.41632,0.62222,0.0040477,0.34319,0.03322,0.067376,1.6609
1.7933,0.4699,0.61513,0.067739,0.42794,0.58,0.0046707,0.38031,0.032265,0.05869,1.6537
1.6721,0.49252,0.63205,0.06243,0.40739,0.61118,0.0045639,0.36046,0.0311,0.064016,1.6608
1.7535,0.47655,0.61666,0.065441,0.43187,0.60584,0.0044693,0.35602,0.033488,0.061318,1.6516
1.2543,0.54142,0.73304,0.049199,0.40964,0.5588,0.0039014,0.40318,0.02906,0.068596,1.67
1.7028,0.49002,0.6101,0.060995,0.42772,0.61708,0.0041709,0.34462,0.033762,0.065982,1.6402
1.6473,0.50155,0.59359,0.061824,0.4204,0.65425,7.831e-06,0.34181,0.033744,0.065403,1.7809
1.6337,0.49479,0.63842,0.061364,0.42,0.61571,0.0042674,0.3444,0.033712,0.066866,1.6874
1.7761,0.457,0.70053,0.06591,0.42519,0.50301,0.0050338,0.4404,0.032108,0.047715,1.6678
1.7444,0.48165,0.61867,0.063991,0.41686,0.6096,0.0038626,0.35136,0.033291,0.067888,1.6713
1.5554,0.50593,0.64488,0.060483,0.41469,0.63942,0.0040111,0.32828,0.033504,0.070284,1.6511
1.459,0.51221,0.70973,0.057243,0.39959,0.55387,0.0050955,0.42837,0.0261,0.054718,1.6438
1.6716,0.47023,0.72692,0.061452,0.42598,0.54951,0.0046874,0.41405,0.030838,0.050164,1.594
1.6385,0.50493,0.59206,0.060447,0.41816,0.56565,0.0038889,0.40925,0.03075,0.050727,1.738
1.7846,0.47389,0.61266,0.066122,0.42399,0.56033,0.0045626,0.3977,0.031899,0.056505,1.6633
1.707,0.48602,0.63355,0.061629,0.41749,0.60787,0.0042356,0.35458,0.033141,0.064435,1.6558
1.5847,0.50727,0.60335,0.063031,0.41955,0.63553,0.0037537,0.33147,0.032742,0.073701,1.6351
1.64,0.50184,0.60459,0.060762,0.41884,0.53217,0.0039416,0.4128,0.032917,0.057208,1.5659
1.6397,0.50259,0.59473,0.061616,0.42026,0.65682,4.4131e-06,0.3398,0.033761,0.065578,1.7751
1.658,0.49979,0.59581,0.061706,0.4203,0.65488,7.9485e-06,0.3415,0.033715,0.065236,1.7556
1.6392,0.50265,0.59444,0.061645,0.42037,0.65712,1.5943e-06,0.33969,0.033754,0.065591,1.7741
1.3602,0.52044,0.73589,0.056135,0.40345,0.59266,0.00050435,0.37858,0.033089,0.069147,1.7325
1.6374,0.50293,0.59481,0.061587,0.42019,0.65673,1.5942e-06,0.33979,0.033775,0.065614,1.7734
1.4466,0.50971,0.72496,0.056692,0.40485,0.61901,2.8037e-05,0.37666,0.033972,0.053087,1.9084
1.7071,0.49965,0.55492,0.063554,0.42097,0.59148,0.0034288,0.36435,0.033812,0.066453,1.6497
1.6335,0.50267,0.60045,0.061361,0.41954,0.65466,0.00015938,0.34101,0.033633,0.065721,1.7789
1.6863,0.48274,0.65446,0.062584,0.42053,0.60948,0.0044892,0.35408,0.033101,0.063198,1.6702
1.7169,0.47944,0.65732,0.058518,0.43398,0.60112,0.0043205,0.36807,0.031269,0.06369,1.6516
1.668,0.48913,0.64029,0.062745,0.4161,0.61011,0.0041656,0.35267,0.032955,0.066412,1.6567
1.7557,0.4886,0.59015,0.063866,0.40518,0.57683,0.0047381,0.38072,0.031771,0.062778,1.6602
1.6646,0.48778,0.62309,0.067018,0.42231,0.60564,0.0034938,0.36389,0.03293,0.060726,1.6117
1.7746,0.47404,0.61187,0.070886,0.4074,0.58086,0.0043689,0.37837,0.031232,0.067426,1.65
1.7936,0.47307,0.61539,0.063659,0.43216,0.58711,0.0046035,0.37115,0.032354,0.063585,1.6524
1.7222,0.48189,0.6438,0.059581,0.42649,0.60535,0.0043029,0.36038,0.03254,0.063393,1.6487
1.7747,0.46647,0.65308,0.066309,0.42614,0.5789,0.0045369,0.37629,0.033178,0.059235,1.6501
1.6723,0.48776,0.64368,0.061294,0.42262,0.60084,0.0043543,0.35973,0.033733,0.060999,1.6734
1.7374,0.47633,0.64139,0.064744,0.42079,0.61001,0.0043498,0.35632,0.032175,0.066024,1.6418
1.7609,0.47893,0.61374,0.065531,0.41735,0.6271,0.0032252,0.34314,0.033188,0.068199,1.6734
1.6244,0.49374,0.64437,0.062819,0.41762,0.62126,0.0040919,0.34371,0.033394,0.066454,1.6507
1.6455,0.50146,0.59614,0.061691,0.42016,0.65474,7.9093e-06,0.34144,0.033701,0.065387,1.7722
1.6046,0.50631,0.60455,0.060843,0.41928,0.65794,0.00016124,0.33829,0.033691,0.065864,1.7634
1.6267,0.50232,0.61328,0.061154,0.41334,0.60085,0.0044117,0.35991,0.033197,0.063441,1.6889
1.6428,0.50183,0.5953,0.061786,0.42031,0.657,8.0093e-06,0.34009,0.033724,0.065412,1.7801
1.6263,0.50204,0.6107,0.061879,0.41421,0.65141,0.00080523,0.33973,0.033586,0.066101,1.7704
1.8185,0.4655,0.58262,0.074789,0.43207,0.54187,0.0041908,0.41863,0.031204,0.052289,1.6495
1.6511,0.48767,0.65722,0.061658,0.42235,0.63163,0.0042054,0.33694,0.033161,0.067202,1.6571
1.4836,0.50804,0.67333,0.064058,0.40765,0.59081,0.0042728,0.3748,0.031693,0.061709,1.6546
1.5918,0.51433,0.57844,0.059643,0.42019,0.63615,0.00082359,0.35156,0.033489,0.065788,1.8488
1.7322,0.47867,0.63451,0.063704,0.42581,0.62149,0.0042976,0.34587,0.0329,0.064994,1.6398
1.6918,0.47693,0.68469,0.063091,0.41228,0.61158,0.0039475,0.35558,0.032686,0.064918,1.6758
1.7856,0.4731,0.63253,0.064628,0.41536,0.60007,0.0045147,0.36354,0.032245,0.062999,1.6591
1.5057,0.50867,0.69559,0.054156,0.41414,0.60757,0.0013771,0.37065,0.033873,0.059477,1.7728
1.6393,0.50258,0.5953,0.061579,0.42013,0.65682,1.5543e-06,0.34003,0.033756,0.065419,1.7772
1.6544,0.5019,0.58597,0.061953,0.4211,0.65648,0.00017368,0.33902,0.033733,0.065817,1.7681
1.7083,0.4756,0.67321,0.062968,0.42118,0.5721,0.0036912,0.37459,0.033389,0.069057,1.5958
1.6785,0.49168,0.61111,0.063632,0.42248,0.62898,0.0041296,0.33727,0.033386,0.066953,1.6416
1.6761,0.48729,0.631,0.063516,0.42546,0.63211,0.0040964,0.33578,0.032948,0.069509,1.664
1.5646,0.50469,0.64789,0.059792,0.4149,0.65286,8.8743e-06,0.34245,0.03374,0.065706,1.7949
1.6171,0.50081,0.62152,0.060872,0.4206,0.64969,8.0504e-06,0.34548,0.03364,0.06504,1.7687
1.381,0.51016,0.78894,0.05523,0.39141,0.59588,0.0039151,0.37275,0.032466,0.058339,1.6979
1.805,0.48662,0.56102,0.060767,0.42793,0.55942,0.0046309,0.40615,0.02969,0.058776,1.6639
1.6831,0.48865,0.64941,0.059252,0.41633,0.59086,0.0041803,0.37346,0.032995,0.057207,1.6454
1.6759,0.5133,0.50026,0.064706,0.4251,0.59403,0.0035326,0.37072,0.032931,0.062118,1.7233
1.7638,0.47501,0.61419,0.068791,0.4188,0.57203,0.0045673,0.39104,0.030766,0.060642,1.6405
1.7257,0.47229,0.65042,0.065393,0.43667,0.62182,0.004112,0.34897,0.032077,0.066795,1.6639
1.6469,0.49916,0.60786,0.061701,0.4183,0.65336,0.00123,0.33589,0.033611,0.06656,1.7626
1.7137,0.48317,0.62551,0.062553,0.43061,0.62126,0.0043819,0.34134,0.033186,0.068066,1.6357
1.4096,0.49708,0.76557,0.062038,0.42541,0.55624,0.0039882,0.41462,0.029598,0.056291,1.6673
1.4776,0.49752,0.77197,0.06005,0.38133,0.54514,0.0042482,0.40785,0.031809,0.057924,1.6394
1.6428,0.50421,0.58486,0.061604,0.41992,0.65632,8.047e-06,0.34199,0.033564,0.065187,1.8165
1.7157,0.47667,0.67457,0.06016,0.42199,0.59028,0.0043468,0.38081,0.030227,0.063638,1.6807
1.587,0.45915,0.83341,0.062629,0.41978,0.591,0.00092981,0.392,0.032256,0.058949,1.7283
1.7272,0.47775,0.6297,0.065715,0.43008,0.56358,0.0042611,0.40619,0.031532,0.048069,1.6084
1.6174,0.5057,0.59978,0.061048,0.4177,0.65675,0.00077373,0.33545,0.033731,0.06624,1.7436
1.7712,0.47967,0.61976,0.061914,0.41892,0.60875,0.0044164,0.35677,0.032452,0.063764,1.6573
1.7978,0.47753,0.60835,0.057838,0.44274,0.54918,0.004973,0.41028,0.031743,0.049764,1.6253
1.7961,0.46966,0.6099,0.070665,0.41859,0.58017,0.0047107,0.3848,0.031851,0.055797,1.6571
1.7115,0.48579,0.6165,0.064141,0.42048,0.62632,0.0043813,0.33737,0.033491,0.067328,1.6499
1.6387,0.50269,0.59465,0.061646,0.42032,0.65674,1.5933e-06,0.33986,0.033765,0.065585,1.7738
1.6071,0.49511,0.67581,0.058003,0.41337,0.57367,0.0040673,0.37309,0.033717,0.067319,1.7424
1.6376,0.50294,0.59457,0.061602,0.42022,0.65667,3.1865e-05,0.33965,0.033769,0.065633,1.7717
1.7736,0.47305,0.62397,0.0662,0.42362,0.62445,0.0036415,0.34567,0.033129,0.065912,1.6636
1.658,0.49082,0.63724,0.061689,0.42289,0.63583,0.004173,0.33113,0.033446,0.068467,1.661
1.4395,0.51433,0.70366,0.05653,0.40953,0.6283,7.3702e-06,0.36274,0.03367,0.06234,1.8634
1.6343,0.50606,0.58125,0.060995,0.42398,0.64542,0.002196,0.33539,0.033511,0.067929,1.7329
1.661,0.48759,0.64842,0.062319,0.42124,0.64981,0.00089119,0.34399,0.033379,0.063357,1.7248
1.6719,0.50767,0.55252,0.062789,0.41221,0.5904,0.0040681,0.37179,0.032923,0.059986,1.6635
1.702,0.48424,0.63116,0.063918,0.42136,0.62031,0.0043109,0.3439,0.033288,0.065749,1.6675
1.3281,0.50525,0.82263,0.057285,0.40636,0.50725,0.0031756,0.43036,0.032382,0.062798,1.6355
1.6376,0.50325,0.59295,0.061639,0.42017,0.65621,0.00015947,0.33916,0.033784,0.065756,1.767
1.6335,0.50467,0.58999,0.061399,0.42028,0.65663,5.62e-06,0.33985,0.033743,0.065603,1.7713
1.6396,0.5027,0.59423,0.061619,0.42029,0.6568,1.5929e-06,0.33979,0.033771,0.065584,1.7737
1.6507,0.50416,0.57557,0.062161,0.4217,0.63652,0.00079986,0.35149,0.033938,0.062943,1.8121
1.6773,0.48723,0.64212,0.061264,0.42484,0.61634,0.0041099,0.35123,0.032828,0.063922,1.6406
1.5465,0.49812,0.69578,0.060426,0.40747,0.63687,0.0011452,0.35155,0.033028,0.064167,1.7019
1.6199,0.5009,0.62076,0.060566,0.4206,0.64985,0.0013382,0.33826,0.033662,0.065739,1.7606
1.7556,0.47864,0.63817,0.058409,0.43281,0.59995,0.0044116,0.36535,0.031554,0.065171,1.6776
1.6545,0.4883,0.65241,0.062257,0.41856,0.62414,0.004147,0.34315,0.032552,0.069111,1.6649
1.651,0.50165,0.59137,0.061733,0.4203,0.65566,8.7215e-06,0.3405,0.033777,0.065446,1.7707
1.5876,0.51182,0.59222,0.060085,0.42054,0.64841,0.00088412,0.3404,0.033709,0.066159,1.7455
1.2176,0.54162,0.7327,0.05519,0.40297,0.59352,0.0038375,0.37139,0.031948,0.065268,1.6487
1.5728,0.5093,0.61384,0.060491,0.4177,0.65057,0.00081381,0.34007,0.033578,0.066894,1.7915
1.7883,0.46966,0.63187,0.069628,0.40534,0.59686,0.004632,0.36757,0.03157,0.064471,1.6469
1.5522,0.51054,0.62689,0.059721,0.41521,0.65685,5.1023e-06,0.34355,0.033466,0.064208,1.8589
1.3817,0.48944,0.84968,0.060241,0.40578,0.59475,0.0013829,0.38412,0.031669,0.06462,1.7781
1.7395,0.49113,0.5928,0.061127,0.41464,0.60759,0.0044542,0.35391,0.033078,0.064581,1.6511
1.6227,0.5196,0.53249,0.059691,0.42201,0.62382,0.0041661,0.34784,0.031821,0.067894,1.6615
1.7274,0.49129,0.59204,0.060564,0.4254,0.6068,0.0042729,0.35531,0.03384,0.061003,1.6501
1.985,0.19332,0.13026,0.15109,0.93949,0.0016011,0.071313,0.0031668,0.046166,0.031985,1.9777
1.7801,0.46853,0.62986,0.0654,0.44021,0.56432,0.0045144,0.39574,0.03152,0.058258,1.6453
1.7822,0.48969,0.55515,0.060658,0.43472,0.55001,0.0051306,0.41079,0.031123,0.050801,1.6428
1.7047,0.48663,0.61815,0.06427,0.41954,0.62641,0.0042669,0.33846,0.033162,0.067754,1.6511
1.729,0.48638,0.61859,0.060255,0.42293,0.57684,0.0044974,0.38422,0.032589,0.05647,1.6509
1.7052,0.48602,0.62335,0.063462,0.42091,0.62442,0.0041788,0.34487,0.032955,0.064231,1.6461
1.7813,0.47665,0.60349,0.069309,0.40662,0.59268,0.0044846,0.36538,0.032613,0.064773,1.655
1.7531,0.4717,0.67891,0.061702,0.41039,0.59104,0.0040624,0.37913,0.031319,0.059934,1.6385
1.6362,0.50318,0.59408,0.061582,0.42064,0.65583,0.0001804,0.33921,0.03379,0.065692,1.7638
1.6022,0.50502,0.61228,0.061097,0.41808,0.64932,2.3678e-06,0.34486,0.033836,0.065129,1.784
1.643,0.50173,0.59617,0.061679,0.42048,0.65736,7.9979e-06,0.33967,0.033707,0.065529,1.7723
1.5901,0.50597,0.612,0.062537,0.41558,0.62743,0.0040262,0.33862,0.033783,0.065971,1.6526
1.7408,0.48419,0.5911,0.065673,0.42824,0.57175,0.0032556,0.38155,0.032987,0.06566,1.5731
1.2715,0.52842,0.76396,0.053264,0.40864,0.60565,0.0038559,0.36102,0.032612,0.064808,1.6981
1.7114,0.47453,0.6525,0.065285,0.43375,0.6391,0.0040948,0.33707,0.032317,0.066471,1.6703
1.6625,0.48736,0.64655,0.063776,0.41732,0.61744,0.0040905,0.35019,0.032611,0.066058,1.646
1.7353,0.47874,0.62126,0.066199,0.42517,0.6144,0.0043842,0.34909,0.032913,0.065641,1.6493
1.7079,0.48632,0.62747,0.06264,0.41655,0.5942,0.0035124,0.35916,0.033884,0.068958,1.6572
1.7526,0.47577,0.63423,0.063063,0.42975,0.58127,0.0044955,0.3826,0.0327,0.053878,1.6461
1.652,0.50169,0.58968,0.061703,0.42112,0.65601,7.9931e-06,0.34092,0.03371,0.065227,1.7783
1.7978,0.47779,0.6025,0.0653,0.4104,0.57196,0.0047384,0.39048,0.030651,0.061742,1.6496
1.8103,0.47021,0.61978,0.063479,0.43273,0.50696,0.0046261,0.45624,0.027985,0.050334,1.6273
1.5208,0.50965,0.65676,0.058823,0.41594,0.66144,0.000814,0.33539,0.033103,0.065998,1.7704
1.705,0.48702,0.62525,0.062032,0.42057,0.61475,0.0034776,0.35577,0.03298,0.063499,1.6679
1.7561,0.48521,0.57326,0.066673,0.42739,0.53585,0.0043993,0.4222,0.030301,0.055615,1.5916
1.6129,0.50047,0.6146,0.063292,0.42036,0.60523,0.003566,0.35811,0.033212,0.06621,1.6575
1.7543,0.48189,0.60972,0.060957,0.43401,0.60004,0.0044588,0.3636,0.032682,0.06177,1.6547
1.596,0.49031,0.69056,0.060603,0.41706,0.6408,0.00070106,0.35194,0.033106,0.06326,1.7812
1.7713,0.47895,0.59671,0.068032,0.41576,0.5399,0.0045534,0.41739,0.02998,0.059431,1.7107
1.5473,0.49175,0.72514,0.060965,0.40552,0.61296,0.0039455,0.35427,0.032581,0.066008,1.6476
1.6853,0.4898,0.62082,0.063996,0.41485,0.61422,0.0042851,0.35029,0.033758,0.061305,1.6441
1.6036,0.50906,0.61046,0.059802,0.40648,0.58226,0.0039126,0.38914,0.031702,0.054593,1.6341
1.7709,0.47484,0.62475,0.063135,0.43062,0.59104,0.0040924,0.37297,0.032162,0.062689,1.6777
1.1628,0.54285,0.81919,0.046731,0.386,0.61422,1.1295e-05,0.38485,0.032666,0.053644,1.905
1.6391,0.50276,0.59434,0.061611,0.42028,0.65678,1.5942e-06,0.33978,0.033775,0.065587,1.7736
1.668,0.48526,0.65506,0.062779,0.41827,0.61598,0.0041257,0.35502,0.031388,0.068668,1.6923
1.7168,0.4848,0.61181,0.063901,0.42765,0.61742,0.0037724,0.34995,0.033142,0.065202,1.6872
1.7243,0.48269,0.63678,0.060251,0.42682,0.58074,0.0043051,0.3826,0.032516,0.055914,1.6251
1.6499,0.48799,0.66383,0.062403,0.41101,0.61669,0.0043515,0.34744,0.032964,0.066584,1.6594
1.613,0.49425,0.64613,0.062785,0.42222,0.62605,0.0040185,0.34238,0.033535,0.063855,1.668
1.4257,0.51368,0.71002,0.057451,0.41163,0.65567,0.00079391,0.34592,0.032144,0.064562,1.8279
1.7193,0.47981,0.64248,0.065842,0.40923,0.60566,0.0044298,0.36185,0.031794,0.064612,1.6865
1.5917,0.50682,0.6094,0.060736,0.42099,0.63984,0.00080806,0.34873,0.033728,0.0642,1.7709
1.7209,0.48529,0.61463,0.063313,0.42227,0.63223,0.002899,0.34416,0.033318,0.06526,1.7016
1.6407,0.50263,0.59356,0.06165,0.42042,0.65685,1.702e-06,0.33981,0.033772,0.065536,1.7744
1.7515,0.47111,0.6698,0.062357,0.41933,0.59241,0.0044246,0.37521,0.030668,0.065188,1.664
1.6403,0.50224,0.59607,0.061621,0.42018,0.65542,8.0081e-06,0.3408,0.033771,0.06548,1.7754
1.5954,0.50328,0.63363,0.059738,0.41753,0.64741,0.0039921,0.32747,0.033074,0.066844,1.6632
1.3848,0.51748,0.72077,0.058542,0.4024,0.60461,0.00077667,0.39327,0.030896,0.057037,1.9626
1.6369,0.50285,0.59556,0.061571,0.42015,0.65651,7.9727e-06,0.33996,0.033772,0.065567,1.7738
1.6604,0.49598,0.61484,0.061818,0.41836,0.60607,0.0040959,0.3543,0.033281,0.065344,1.6299
1.646,0.50172,0.59402,0.06175,0.42021,0.6564,1.6105e-06,0.34055,0.033696,0.065483,1.7741
1.7334,0.47254,0.67947,0.061499,0.42111,0.57955,0.003806,0.39164,0.031061,0.056903,1.6373
1.6517,0.48928,0.63822,0.064612,0.4192,0.57252,0.0037918,0.38104,0.033057,0.063472,1.6863
1.8254,0.47707,0.57828,0.064374,0.42486,0.58408,0.00085661,0.38685,0.033609,0.061897,1.7443
1.5673,0.51433,0.57246,0.064785,0.41911,0.57714,0.004555,0.37541,0.032597,0.065188,1.6698
1.7928,0.47038,0.61571,0.065577,0.43582,0.58522,0.004213,0.37629,0.030511,0.070671,1.6525
1.6352,0.5044,0.58904,0.061727,0.42,0.65769,0.00079551,0.33435,0.033722,0.066657,1.7444
1.6391,0.50276,0.5943,0.061618,0.42028,0.65682,3.1884e-09,0.33975,0.033776,0.065598,1.7735
1.7921,0.4753,0.62707,0.059683,0.43035,0.58923,0.0050097,0.37809,0.031628,0.055762,1.6514
1.7489,0.48509,0.5915,0.064131,0.42414,0.65866,0.00029229,0.33793,0.033498,0.06587,1.7476
1.6506,0.49173,0.63961,0.06214,0.41892,0.63146,0.0040979,0.33571,0.033694,0.065704,1.6257
1.7117,0.4821,0.63631,0.06405,0.41897,0.61811,0.0023411,0.35579,0.033711,0.063112,1.6822
1.6551,0.49619,0.63109,0.060133,0.41229,0.60099,0.00028231,0.38117,0.033325,0.060476,1.7137
1.6391,0.50276,0.5943,0.061618,0.42028,0.65682,6.3767e-08,0.33975,0.033776,0.065598,1.7735
1.1557,0.56006,0.69956,0.052833,0.39799,0.54548,0.0036764,0.41267,0.031076,0.061066,1.7673
1.6438,0.49537,0.62295,0.062452,0.42078,0.6337,0.0042308,0.33193,0.033585,0.068454,1.6484
1.6095,0.49415,0.65896,0.06172,0.41744,0.6089,0.0040632,0.3524,0.033205,0.066264,1.6315
1.6392,0.50277,0.59421,0.061617,0.42028,0.65682,6.3765e-08,0.33975,0.033775,0.065593,1.7736
1.7345,0.4807,0.6259,0.062187,0.42989,0.60021,0.0043651,0.36039,0.032606,0.06598,1.6512
1.6387,0.50299,0.59321,0.061658,0.42035,0.65689,0.00015936,0.33865,0.033768,0.065801,1.7651
1.755,0.46935,0.6286,0.070346,0.42882,0.59086,0.0041083,0.37958,0.032424,0.054774,1.699
1.6275,0.50177,0.60786,0.061393,0.42028,0.65556,7.9153e-06,0.34039,0.033785,0.065512,1.7516
1.7847,0.4789,0.59398,0.067203,0.41344,0.61409,0.0037557,0.35357,0.032899,0.064968,1.6756
1.5858,0.50097,0.63789,0.062345,0.41618,0.65042,7.4752e-06,0.34602,0.033532,0.064947,1.8021
1.6378,0.50281,0.59509,0.061598,0.42023,0.65664,1.5942e-06,0.33992,0.033769,0.065537,1.7734
1.4644,0.49297,0.76864,0.061715,0.40791,0.61515,0.0014811,0.36939,0.033235,0.058035,1.7672
1.7277,0.47332,0.6647,0.065845,0.4134,0.60817,0.0044284,0.36057,0.032011,0.062595,1.6609
1.7259,0.48262,0.61712,0.068154,0.40619,0.60016,0.0039335,0.37225,0.030802,0.063934,1.599
1.7706,0.47364,0.64253,0.061077,0.42832,0.59552,0.0044664,0.36988,0.031146,0.066533,1.6584
1.5184,0.50891,0.65951,0.060248,0.41102,0.66432,8.0663e-05,0.33767,0.032807,0.067309,1.8059
1.63,0.49774,0.62744,0.061357,0.41905,0.63127,0.0040039,0.3377,0.033701,0.064617,1.6577
1.775,0.47611,0.60355,0.062523,0.44752,0.54966,0.0044565,0.41032,0.030348,0.058702,1.6536
1.4514,0.52486,0.64116,0.057956,0.40939,0.60289,0.0040295,0.3599,0.033713,0.059888,1.6258
1.2857,0.51163,0.81616,0.05924,0.39896,0.5388,0.0043751,0.41987,0.032094,0.049043,1.6899
1.632,0.50283,0.59941,0.061497,0.42009,0.6557,7.4417e-06,0.34094,0.033689,0.065589,1.7717
1.7436,0.47358,0.65659,0.063566,0.42249,0.54564,0.0045177,0.4166,0.030068,0.055341,1.6948
1.2508,0.52678,0.78345,0.052043,0.41374,0.64502,5.157e-06,0.36578,0.030468,0.064874,1.9574
1.5842,0.50758,0.61362,0.060805,0.41812,0.66116,0.0001805,0.33747,0.033489,0.065321,1.7557
1.7211,0.48242,0.627,0.063831,0.42129,0.62344,0.0027172,0.35115,0.03356,0.063716,1.7117
1.7078,0.48529,0.65161,0.061259,0.40454,0.57154,0.0045039,0.3985,0.029991,0.057377,1.6382
1.754,0.47899,0.63686,0.06303,0.4106,0.59991,0.0043524,0.3646,0.032041,0.064098,1.6508
1.3944,0.5196,0.70307,0.058029,0.40834,0.60119,0.00061021,0.37407,0.033605,0.065478,1.7592
1.6882,0.49134,0.61676,0.062475,0.41712,0.62728,0.0041279,0.33785,0.033333,0.067979,1.648
1.7482,0.4769,0.63381,0.063765,0.4236,0.60846,0.0035329,0.36025,0.033105,0.062199,1.6932
1.6836,0.50047,0.58189,0.062545,0.4105,0.61134,0.0038249,0.35216,0.03352,0.064753,1.6406
1.8073,0.47557,0.60652,0.066995,0.40324,0.55608,0.0047249,0.40499,0.030503,0.057496,1.6331
1.6397,0.5028,0.59382,0.061618,0.42019,0.65667,3.205e-05,0.33967,0.033773,0.06563,1.7724
1.7663,0.48128,0.60334,0.062663,0.42616,0.59535,0.0044971,0.36818,0.032162,0.062509,1.6554
1.785,0.46317,0.6405,0.069196,0.43278,0.59799,0.0045652,0.36533,0.03227,0.062819,1.6533
1.632,0.49319,0.65273,0.06111,0.41554,0.60625,0.0038581,0.35531,0.031415,0.074884,1.6656
1.6239,0.50494,0.59626,0.061529,0.4181,0.64378,0.00079942,0.34504,0.033804,0.064883,1.7534
1.666,0.49815,0.59377,0.063651,0.41653,0.60419,0.0043465,0.35918,0.033534,0.059867,1.6833
1.7843,0.47407,0.59298,0.068046,0.43396,0.56973,0.0044129,0.39335,0.032705,0.051748,1.6445
1.6936,0.4746,0.67725,0.06534,0.41986,0.57772,0.0035257,0.38509,0.03042,0.070321,1.6261
1.7793,0.47918,0.61802,0.061802,0.41969,0.59382,0.0038196,0.37321,0.031816,0.061821,1.4595
1.9994,0.51936,0.17016,0.18727,0.062849,0.01357,0.10481,0.0036944,0.028211,0.024115,1.9503
1.6499,0.5019,0.59022,0.061831,0.42015,0.65352,8.0561e-06,0.34194,0.033779,0.065731,1.7938
1.5063,0.49715,0.74028,0.05822,0.40558,0.60813,0.003897,0.3561,0.033604,0.06201,1.6679
1.6632,0.49399,0.63102,0.060477,0.41553,0.61328,0.0042241,0.3523,0.032719,0.06526,1.6647
1.8047,0.4749,0.61734,0.061069,0.42683,0.56984,0.0048926,0.38013,0.033807,0.056548,1.6166
1.608,0.50036,0.63586,0.061385,0.4111,0.64851,0.0014087,0.34881,0.031101,0.067995,1.809
1.6392,0.50276,0.59419,0.061612,0.42028,0.65679,1.5936e-06,0.33976,0.033775,0.0656,1.7737
1.7314,0.48434,0.61904,0.060863,0.42883,0.58524,0.0044071,0.374,0.032457,0.061998,1.6394
1.6282,0.50117,0.6144,0.060752,0.41921,0.65281,7.9296e-06,0.34204,0.033763,0.06572,1.7584
1.6349,0.50356,0.59405,0.061528,0.41998,0.65675,3.4049e-05,0.33973,0.033752,0.065583,1.7727
1.7771,0.48387,0.57929,0.064054,0.42377,0.64128,0.00082971,0.34686,0.033689,0.065076,1.7727
1.7216,0.48453,0.61733,0.061704,0.43096,0.61788,0.0040513,0.34695,0.033471,0.065157,1.653
1.6391,0.50255,0.59541,0.061622,0.42021,0.65679,7.9781e-06,0.33976,0.03377,0.065588,1.7748
1.7497,0.49021,0.58589,0.062578,0.41188,0.55497,0.0045835,0.40622,0.031037,0.055599,1.6282
1.6551,0.501,0.5905,0.061888,0.42085,0.65582,7.9655e-06,0.34015,0.033749,0.065776,1.7635
1.6762,0.52155,0.45101,0.065641,0.43104,0.63557,0.0045872,0.33713,0.031071,0.071919,1.5817
1.5619,0.50007,0.65832,0.063322,0.41211,0.63813,0.0041172,0.32878,0.03292,0.072655,1.6527
1.7135,0.48343,0.6339,0.062685,0.42098,0.59992,0.0040708,0.36407,0.032942,0.061078,1.6412
1.7227,0.47358,0.65899,0.067783,0.41082,0.56005,0.004651,0.403,0.030999,0.0559,1.6396
1.6719,0.48628,0.6482,0.062668,0.41848,0.63731,0.0031985,0.34042,0.033184,0.065116,1.7133
1.7033,0.48773,0.61629,0.06408,0.41683,0.63695,0.0044361,0.33229,0.033027,0.067268,1.6507
1.7789,0.47807,0.61039,0.062913,0.42594,0.62652,0.0039739,0.34544,0.032004,0.068224,1.683
1.6196,0.50439,0.60225,0.061253,0.41877,0.65487,7.6802e-06,0.34143,0.033773,0.0653,1.7878
1.7324,0.48832,0.58661,0.065335,0.41906,0.61471,0.0043012,0.35551,0.03295,0.05957,1.6748
1.737,0.48204,0.61684,0.064537,0.41964,0.61877,0.0039986,0.3501,0.033021,0.063378,1.6399
1.7733,0.46457,0.68131,0.062094,0.4266,0.56539,0.0047494,0.40869,0.029066,0.055161,1.661
1.6991,0.48426,0.63172,0.064665,0.41858,0.62409,0.0042265,0.34302,0.032941,0.066816,1.6577
1.7889,0.46697,0.61975,0.068435,0.43691,0.59509,0.0044432,0.36325,0.032235,0.067705,1.6775
1.6394,0.50243,0.5955,0.061659,0.42021,0.65641,1.5965e-06,0.34009,0.033772,0.065516,1.7736
1.7739,0.47658,0.60811,0.06659,0.42065,0.6058,0.0043089,0.35562,0.032941,0.065423,1.6488
1.743,0.48456,0.6123,0.061238,0.4241,0.58743,0.0040218,0.3772,0.032243,0.060246,1.654
1.1729,0.53284,0.82163,0.051043,0.4084,0.58673,0.0039426,0.39111,0.031051,0.051981,1.6781
1.7674,0.48305,0.60722,0.064812,0.4025,0.58813,0.0045931,0.37314,0.031471,0.065055,1.6525
1.703,0.48641,0.62894,0.064692,0.40788,0.59827,0.0043174,0.36607,0.032965,0.059457,1.6555
1.767,0.47577,0.60115,0.069756,0.42106,0.58614,0.004501,0.37532,0.033131,0.056354,1.6419
1.7089,0.47065,0.68691,0.063697,0.42813,0.61318,0.0041245,0.36218,0.031068,0.063591,1.6315
1.6046,0.50189,0.62239,0.062321,0.41636,0.63043,0.0041642,0.33477,0.033701,0.067417,1.6608
1.6928,0.49479,0.61935,0.055238,0.4301,0.59417,0.0045242,0.37627,0.031154,0.059614,1.646
1.7686,0.47827,0.61155,0.064461,0.42275,0.60096,0.0045305,0.36264,0.032831,0.06145,1.665
1.4993,0.51184,0.66581,0.058741,0.40931,0.65491,1.218e-05,0.34542,0.033435,0.063881,1.8696
1.6294,0.50267,0.60677,0.061697,0.41479,0.65519,0.0039606,0.31979,0.033424,0.068528,1.6528
1.7681,0.48023,0.60385,0.064341,0.4208,0.63815,0.003676,0.33624,0.032792,0.068243,1.6914
1.698,0.49097,0.64018,0.057802,0.41124,0.59562,0.0044181,0.37226,0.031853,0.059768,1.6536
1.7781,0.47676,0.61606,0.062108,0.43105,0.56325,0.0044633,0.39667,0.031926,0.055559,1.649
1.7287,0.4883,0.61602,0.059419,0.42054,0.59016,0.0045165,0.37316,0.032608,0.058109,1.6579
1.7833,0.46951,0.63021,0.068187,0.41799,0.59033,0.0046102,0.3697,0.031923,0.065269,1.665
1.5322,0.49821,0.70395,0.060682,0.40783,0.60326,0.0040013,0.35524,0.033775,0.065064,1.6643
1.6916,0.48905,0.61723,0.062032,0.42773,0.61722,0.0042035,0.3458,0.033758,0.064371,1.6548
1.7793,0.46645,0.64184,0.066738,0.43248,0.61632,0.004417,0.34896,0.032887,0.064567,1.6551
1.639,0.50275,0.59442,0.061613,0.42028,0.65682,3.1885e-07,0.33975,0.033775,0.065591,1.7735
1.6389,0.50261,0.59506,0.061628,0.42031,0.6568,1.5936e-06,0.33987,0.033762,0.065551,1.774
1.4537,0.45379,0.93971,0.064495,0.4202,0.59753,0.0051655,0.39489,0.026199,0.059172,1.6969
1.6391,0.50276,0.5943,0.061618,0.42028,0.65682,3.1884e-09,0.33975,0.033776,0.065598,1.7735
1.7259,0.48412,0.61653,0.061935,0.42958,0.61077,0.0032185,0.36026,0.033181,0.062318,1.7041
1.4713,0.5266,0.60105,0.061967,0.40861,0.63847,0.0042136,0.34096,0.030867,0.068846,1.68
1.6238,0.49431,0.65094,0.061113,0.41727,0.62927,0.003545,0.338,0.03345,0.069007,1.6655
1.6008,0.50915,0.63088,0.049866,0.43557,0.49141,0.0046021,0.4542,0.030942,0.049502,1.6272
1.6706,0.49735,0.5944,0.062783,0.41969,0.65508,8.0334e-06,0.34119,0.033427,0.066985,1.7691
1.3876,0.50598,0.80307,0.055843,0.38933,0.60885,0.0041141,0.35788,0.032448,0.06444,1.665
1.6999,0.47822,0.66032,0.062931,0.42725,0.60458,0.0044424,0.35529,0.032559,0.067358,1.6644
1.7072,0.48916,0.61296,0.061227,0.42398,0.61996,0.0030989,0.35349,0.033428,0.062494,1.6982
1.6457,0.50164,0.59444,0.061793,0.42037,0.6548,9.1013e-07,0.34149,0.033724,0.06545,1.7947
1.6832,0.4866,0.63795,0.061887,0.42431,0.61268,0.0043689,0.35393,0.032932,0.062237,1.648
1.7016,0.49296,0.60508,0.061699,0.41628,0.6167,0.0039966,0.34778,0.033187,0.066242,1.6523
1.6709,0.4958,0.59726,0.063118,0.42283,0.64815,0.0018853,0.33541,0.033707,0.066519,1.717
1.678,0.49904,0.56188,0.063199,0.43969,0.52672,0.0044582,0.42288,0.032283,0.051871,1.6542
1.7382,0.48528,0.60232,0.06195,0.42977,0.58728,0.0039321,0.37601,0.032872,0.059532,1.6819
1.6391,0.50275,0.59432,0.061614,0.42028,0.65681,3.1881e-07,0.33976,0.033775,0.065596,1.7736
1.4443,0.51898,0.67019,0.058897,0.40867,0.60585,0.0036429,0.36145,0.032092,0.066948,1.6496
1.6888,0.48323,0.66292,0.0615,0.41408,0.62363,0.0023035,0.35333,0.033419,0.063142,1.6889
1.6982,0.48656,0.62465,0.063434,0.42011,0.64952,0.00068353,0.34254,0.033584,0.065094,1.7743
1.6382,0.50282,0.59466,0.061611,0.42024,0.65674,1.5941e-06,0.33981,0.033774,0.065577,1.7736
1.6393,0.50274,0.59427,0.061624,0.42028,0.65668,7.9697e-06,0.3398,0.033774,0.065595,1.7731
1.5142,0.51729,0.61291,0.061297,0.41703,0.64602,0.0039444,0.32988,0.033298,0.064453,1.6557
1.7379,0.49445,0.55114,0.064356,0.42514,0.65446,0.00092145,0.3414,0.033171,0.064568,1.8214
1.7033,0.48577,0.62569,0.064057,0.4173,0.60227,0.0041104,0.36173,0.032684,0.063788,1.6677
1.5693,0.50949,0.61475,0.061066,0.41662,0.65185,0.0009335,0.33893,0.03364,0.065256,1.7442
1.5145,0.50486,0.68247,0.059362,0.41413,0.65185,3.9784e-05,0.34577,0.033207,0.065676,1.7773
1.5519,0.51052,0.6231,0.060326,0.41783,0.64938,0.0008109,0.3418,0.033482,0.065924,1.7458
1.6186,0.49146,0.66186,0.061862,0.42032,0.63785,0.00062115,0.35144,0.033407,0.064175,1.7393
1.6288,0.50214,0.60372,0.061682,0.42031,0.65421,7.933e-06,0.34311,0.033616,0.064847,1.783
1.6504,0.4739,0.69947,0.064808,0.43264,0.60697,0.0041568,0.35655,0.032312,0.067364,1.6597
1.6404,0.50248,0.59485,0.061594,0.42029,0.65644,7.0214e-06,0.34006,0.03377,0.065562,1.7771
1.8236,0.45549,0.67603,0.06592,0.4239,0.44203,0.0051836,0.47873,0.031202,0.053412,1.6685
1.5836,0.50651,0.61934,0.060285,0.42038,0.65798,0.00082664,0.33546,0.033599,0.065831,1.7701
1.7403,0.49701,0.57552,0.056418,0.42645,0.55094,0.004482,0.4009,0.03265,0.056485,1.6669
1.7634,0.47761,0.6193,0.061959,0.43422,0.59496,0.004357,0.37041,0.032632,0.058415,1.6398
1.7586,0.48062,0.62997,0.061627,0.41292,0.58718,0.004672,0.37348,0.03183,0.062941,1.652
1.565,0.50483,0.64248,0.060584,0.41554,0.65308,1.3117e-05,0.34304,0.033563,0.065677,1.8029
1.6687,0.48725,0.64419,0.063484,0.41757,0.61327,0.0042678,0.35231,0.032895,0.064239,1.654
1.6673,0.46383,0.78798,0.060507,0.40087,0.53026,0.0038572,0.41192,0.031784,0.066412,1.662
1.5097,0.49958,0.71056,0.060695,0.40985,0.59408,0.0038655,0.36432,0.032849,0.066935,1.6563
1.5943,0.49456,0.66776,0.062843,0.40964,0.5626,0.0038252,0.38802,0.032611,0.065638,1.6819
1.7761,0.46659,0.62148,0.071075,0.43203,0.57344,0.0039804,0.39017,0.030834,0.063988,1.6804
1.7455,0.46974,0.67151,0.065472,0.41556,0.59652,0.0046469,0.36883,0.031725,0.061707,1.6489
1.799,0.47811,0.59029,0.064752,0.42421,0.60715,0.0045985,0.35412,0.032866,0.064467,1.6519
1.6264,0.50396,0.59789,0.061503,0.41982,0.65528,3.1219e-05,0.34052,0.033758,0.065669,1.7688
1.5826,0.50034,0.64936,0.061071,0.41648,0.64628,0.00079653,0.34236,0.03379,0.065785,1.7393
1.6804,0.47928,0.68314,0.061908,0.41657,0.64172,0.0041343,0.33506,0.032522,0.065428,1.6515
1.6946,0.48498,0.62798,0.062907,0.42973,0.61007,0.0040939,0.3539,0.033553,0.063117,1.6475
1.7613,0.46645,0.65369,0.069625,0.41675,0.58285,0.0042004,0.37925,0.031923,0.062544,1.6802
1.6581,0.48509,0.65712,0.064029,0.41897,0.61537,0.0042418,0.34745,0.033274,0.065996,1.6392
1.7224,0.48253,0.62634,0.062833,0.42535,0.61233,0.0042159,0.35764,0.033298,0.058265,1.6714
1.5616,0.51866,0.59846,0.058607,0.40562,0.52139,0.0039591,0.41615,0.032815,0.062194,1.6046
1.2767,0.5364,0.73674,0.053381,0.39565,0.61237,0.003931,0.36011,0.031445,0.064932,1.6711
1.6682,0.48888,0.63954,0.062104,0.42104,0.62742,0.0039814,0.33847,0.033628,0.06679,1.6725
1.6774,0.4788,0.68698,0.062381,0.41534,0.58832,0.0045149,0.38169,0.031829,0.053893,1.5827
1.3882,0.52568,0.66732,0.059196,0.41386,0.59657,0.004099,0.37067,0.031649,0.06409,1.7304
1.6552,0.48414,0.67138,0.060193,0.42983,0.57175,0.0041454,0.39251,0.032324,0.053966,1.6606
1.7576,0.47665,0.62834,0.063311,0.4271,0.61589,0.0042639,0.35033,0.03279,0.064561,1.6575
1.5988,0.49464,0.66571,0.061571,0.41495,0.61987,0.0042115,0.34497,0.032882,0.068207,1.6587
1.7008,0.48972,0.62402,0.061771,0.41234,0.61741,0.0040859,0.34591,0.033393,0.066432,1.6438
1.7302,0.48211,0.63543,0.061024,0.42296,0.56094,0.0040272,0.40898,0.03015,0.055219,1.6403
1.6155,0.50291,0.61528,0.060765,0.41789,0.65649,0.00017907,0.34068,0.033603,0.064981,1.8107
1.5768,0.50782,0.61584,0.060876,0.41831,0.65331,0.00041115,0.3407,0.033671,0.066012,1.8183
1.5893,0.50335,0.63587,0.061963,0.40769,0.62297,0.0040268,0.35155,0.031718,0.065522,1.6619
1.6391,0.50276,0.5943,0.061618,0.42028,0.65682,6.3767e-08,0.33975,0.033776,0.065598,1.7735
1.6716,0.48924,0.63696,0.061536,0.42309,0.63506,0.0042274,0.33531,0.032864,0.067131,1.6651
1.6347,0.48541,0.68981,0.060469,0.41783,0.61413,0.0043654,0.34268,0.032764,0.073251,1.6458
1.6121,0.50215,0.61525,0.062481,0.41651,0.57381,0.003706,0.38132,0.032609,0.065512,1.7032
1.653,0.48641,0.66621,0.061068,0.42233,0.58308,0.0043689,0.39178,0.030487,0.054708,1.6267
1.7438,0.48093,0.61891,0.064326,0.42042,0.61559,0.004311,0.34795,0.033333,0.06426,1.6443
1.7423,0.46856,0.66114,0.067721,0.42142,0.60843,0.0044453,0.35667,0.032323,0.065374,1.6572
1.6081,0.50531,0.60628,0.061715,0.41625,0.6467,0.00066823,0.34636,0.03349,0.063622,1.7577
1.753,0.47705,0.63765,0.062647,0.42271,0.59754,0.0041221,0.36485,0.032435,0.063963,1.6466
1.771,0.45347,0.73824,0.059653,0.43652,0.56669,0.00069564,0.41993,0.031756,0.049734,1.7181
1.6994,0.48858,0.62734,0.060417,0.42121,0.58748,0.0041862,0.37355,0.032413,0.062853,1.6804
1.5639,0.5109,0.61467,0.0605,0.41524,0.65174,0.00080558,0.33932,0.033713,0.065982,1.7796
1.6151,0.50462,0.60772,0.060744,0.41798,0.65801,0.00085083,0.33525,0.033554,0.065964,1.7584
1.4608,0.507,0.71228,0.057909,0.41742,0.61726,0.00079163,0.36822,0.033101,0.062074,1.7366
1.7264,0.48398,0.61952,0.06468,0.41315,0.61384,0.004346,0.35125,0.03285,0.065282,1.6542
1.6269,0.48121,0.69034,0.06538,0.41855,0.60435,0.0042487,0.35808,0.032716,0.065788,1.689
1.6391,0.50276,0.59431,0.061616,0.42028,0.65681,3.1884e-07,0.33976,0.033775,0.065597,1.7736
1.7603,0.47914,0.59904,0.066607,0.42554,0.61431,0.0041174,0.35205,0.03295,0.065044,1.673
1.8011,0.46148,0.62791,0.074193,0.4179,0.57025,0.0046359,0.39426,0.028901,0.068069,1.6692
1.6038,0.49642,0.64862,0.062149,0.41792,0.61904,0.004128,0.3422,0.032896,0.071325,1.6666
1.6805,0.49144,0.61604,0.06307,0.41909,0.64705,0.0025888,0.33171,0.033608,0.067992,1.6932
1.7582,0.48427,0.60183,0.061844,0.42308,0.58333,0.0042384,0.37987,0.034219,0.049863,1.6312
1.7891,0.48313,0.59299,0.062909,0.41172,0.60468,0.0046514,0.35398,0.032156,0.069764,1.662
1.72,0.48719,0.61211,0.063685,0.41439,0.61698,0.0036462,0.35189,0.033087,0.06453,1.6671
1.7268,0.48923,0.61452,0.061347,0.40942,0.59433,0.0043694,0.36722,0.032986,0.060562,1.6317
1.6527,0.4906,0.65068,0.060791,0.41786,0.61014,0.0043567,0.35116,0.033391,0.064497,1.6577
1.7689,0.48147,0.6087,0.060389,0.43006,0.5846,0.0044159,0.37699,0.032039,0.061825,1.6497
1.6429,0.49099,0.63609,0.064226,0.42049,0.62353,0.004228,0.34041,0.033354,0.067765,1.6568
1.6392,0.50274,0.59427,0.061607,0.42029,0.65681,1.5938e-06,0.33988,0.033756,0.065564,1.7733
1.5531,0.51066,0.6095,0.063998,0.41229,0.59368,0.0039467,0.36905,0.032645,0.063285,1.6901
1.78,0.47995,0.59898,0.068023,0.4022,0.56688,0.0044819,0.39298,0.031135,0.06105,1.6594
1.6832,0.48925,0.62975,0.062243,0.41831,0.61443,0.0041348,0.35335,0.032803,0.063479,1.6586
1.6706,0.48152,0.66513,0.062796,0.42613,0.62939,0.0040784,0.33914,0.033056,0.066732,1.6467
1.7264,0.48501,0.61162,0.062716,0.42571,0.62241,0.0032634,0.35004,0.033623,0.062713,1.7038
1.6331,0.50329,0.59646,0.06155,0.41987,0.6552,0.00015911,0.34009,0.03376,0.065587,1.7676
1.6238,0.50452,0.59689,0.06164,0.41934,0.65675,0.00079514,0.33497,0.033714,0.066577,1.7397
1.7124,0.48133,0.63064,0.065808,0.41981,0.62827,0.0043276,0.3357,0.033378,0.068298,1.6456
1.6391,0.50275,0.59431,0.061618,0.42028,0.65682,3.1884e-07,0.33975,0.033776,0.065598,1.7735
1.6268,0.50509,0.59194,0.061658,0.41956,0.65676,0.00079407,0.3345,0.033772,0.066783,1.7408
1.6049,0.49866,0.64429,0.061287,0.41444,0.63505,0.0040671,0.33318,0.033481,0.067478,1.678
1.7221,0.48821,0.58744,0.064654,0.42902,0.65081,0.0040973,0.31964,0.03346,0.070688,1.6661
1.737,0.47498,0.65166,0.063311,0.4258,0.58233,0.0043207,0.3795,0.032001,0.060345,1.6587
1.6226,0.49714,0.63378,0.061915,0.41785,0.62634,0.0040723,0.33753,0.03373,0.067691,1.6676
1.7363,0.47574,0.65442,0.058634,0.44174,0.57617,0.0044046,0.39253,0.03034,0.059419,1.6387
1.7048,0.48772,0.61769,0.062808,0.42066,0.64645,0.0042929,0.3233,0.032888,0.071593,1.6212
1.7627,0.48641,0.59917,0.061398,0.4145,0.61201,0.0044705,0.35253,0.032734,0.064774,1.6582
1.6391,0.50276,0.59431,0.061617,0.42028,0.65681,3.1882e-07,0.33976,0.033775,0.065595,1.7735
1.6726,0.48936,0.62811,0.063481,0.42013,0.62015,0.0040538,0.3489,0.032793,0.064844,1.6393
1.7067,0.49251,0.60655,0.059711,0.42253,0.64053,0.0042861,0.33001,0.03272,0.06955,1.6497
1.6219,0.5045,0.59181,0.062626,0.42093,0.63207,0.00077613,0.35537,0.03368,0.063182,1.8197
1.6786,0.49126,0.61657,0.062574,0.423,0.64233,0.0018666,0.34018,0.03375,0.065641,1.7214
1.6511,0.50228,0.58892,0.061526,0.42036,0.65435,7.9726e-06,0.34205,0.03371,0.065172,1.7814
1.4768,0.51453,0.66984,0.058762,0.40779,0.656,0.00080053,0.34327,0.032939,0.063166,1.8003
1.5719,0.50039,0.65309,0.062397,0.41429,0.6233,0.0040624,0.34168,0.033702,0.065323,1.6305
1.602,0.49592,0.65025,0.061439,0.42433,0.62667,0.003917,0.34323,0.032025,0.070328,1.6459
1.6581,0.49945,0.59381,0.062118,0.42197,0.65636,5.7188e-06,0.34034,0.033725,0.065493,1.7798
1.7815,0.46373,0.66055,0.070006,0.40678,0.58227,0.0045272,0.38552,0.030637,0.06161,1.6749
1.5918,0.50536,0.61782,0.061041,0.41765,0.6539,1.1545e-05,0.34243,0.033746,0.065271,1.8148
1.68,0.4828,0.65226,0.06275,0.42695,0.62653,0.0041939,0.33961,0.033341,0.066526,1.6451
1.6393,0.50272,0.59436,0.061617,0.4203,0.65678,7.973e-06,0.33971,0.033774,0.065626,1.7725
1.6672,0.47845,0.6793,0.06283,0.42887,0.617,0.0043708,0.35194,0.032569,0.063564,1.6838
1.639,0.50276,0.59443,0.061616,0.42027,0.65679,3.1883e-07,0.33977,0.033775,0.065595,1.7735
1.6045,0.49322,0.66514,0.061807,0.41733,0.60396,0.0040646,0.35157,0.033194,0.071161,1.6864
1.6396,0.50154,0.60125,0.061303,0.42063,0.65554,3.9982e-06,0.34169,0.033526,0.065314,1.7716
1.6287,0.50199,0.60736,0.061275,0.41892,0.64646,0.0005283,0.344,0.033725,0.066139,1.7798
1.537,0.50157,0.68962,0.059271,0.4088,0.63308,0.0011543,0.35137,0.0333,0.06595,1.7542
1.7688,0.47182,0.6453,0.062853,0.42887,0.58564,0.0044703,0.37874,0.032143,0.057946,1.641
1.4429,0.51195,0.69027,0.062864,0.40298,0.58202,0.0040395,0.38342,0.030004,0.069402,1.6692
1.6187,0.50912,0.58261,0.06072,0.41986,0.63956,0.0041862,0.33192,0.033321,0.065681,1.6568
1.6565,0.49592,0.60757,0.064533,0.41517,0.63815,0.0042672,0.33206,0.032659,0.069679,1.6359
1.6392,0.50274,0.59429,0.061618,0.42029,0.65679,3.2254e-07,0.33977,0.033776,0.065595,1.7737
1.727,0.47465,0.64756,0.063878,0.43483,0.62694,0.0042169,0.34188,0.032469,0.067925,1.632
1.504,0.51429,0.63881,0.06014,0.41616,0.60808,0.0031777,0.36105,0.032624,0.065684,1.656
1.8212,0.47204,0.5936,0.066374,0.4271,0.60167,0.0045808,0.35893,0.033119,0.062644,1.6523
1.5688,0.5158,0.58868,0.060146,0.418,0.63392,0.0042338,0.33434,0.033334,0.066271,1.6388
1.7201,0.4882,0.6207,0.05958,0.42063,0.62426,0.0043971,0.34387,0.032943,0.06475,1.6615
1.6386,0.50281,0.59448,0.061616,0.4202,0.65671,7.9715e-06,0.33976,0.033775,0.065612,1.7726
1.6354,0.50299,0.59617,0.061533,0.42015,0.65637,1.5933e-06,0.34016,0.033755,0.06552,1.7728
1.7229,0.47168,0.677,0.059151,0.44571,0.55052,0.0044806,0.415,0.029757,0.056286,1.6548
1.6905,0.47504,0.66776,0.067438,0.4186,0.61701,0.0042902,0.35036,0.032474,0.065768,1.633
1.6262,0.50433,0.597,0.061372,0.41959,0.65628,8.1194e-06,0.34006,0.033747,0.065733,1.7739
1.6402,0.50262,0.59416,0.061631,0.42033,0.65642,3.9777e-06,0.34002,0.033772,0.065564,1.7716
1.6641,0.498,0.6041,0.062185,0.4146,0.61343,0.0036781,0.35178,0.033045,0.067047,1.6544
1.6039,0.50699,0.60546,0.060348,0.41802,0.62219,0.0039468,0.35107,0.031572,0.06848,1.6584
1.7754,0.45752,0.67502,0.070833,0.42288,0.55951,0.0045635,0.40852,0.029787,0.056953,1.645
1.6004,0.49744,0.64712,0.062537,0.41481,0.61264,0.0039187,0.34918,0.033336,0.067326,1.6475
1.8276,0.47062,0.60705,0.066107,0.4166,0.56785,0.0046137,0.39903,0.030703,0.055946,1.6681
1.7716,0.48164,0.59131,0.065093,0.42202,0.56312,0.0046814,0.39894,0.032313,0.050791,1.6658
1.4736,0.49032,0.77229,0.062247,0.40484,0.5686,0.00073702,0.41712,0.031285,0.055349,1.8794
1.7575,0.47944,0.62212,0.064409,0.41397,0.44406,0.006006,0.46799,0.032887,0.050307,1.6125
1.5183,0.49315,0.7372,0.056968,0.42525,0.63019,0.001613,0.36501,0.032579,0.055761,1.7898
1.6356,0.50337,0.59394,0.061616,0.42003,0.65673,0.00018387,0.33864,0.033764,0.06587,1.7651
1.7987,0.47935,0.58352,0.064114,0.42795,0.50569,0.0040775,0.42582,0.033984,0.056258,1.577
1.5773,0.50426,0.62984,0.062061,0.41632,0.63287,0.0039596,0.33496,0.033398,0.068194,1.6301
1.7491,0.48699,0.59353,0.063168,0.41761,0.61351,0.0042275,0.35125,0.033024,0.065259,1.668
1.664,0.49779,0.60401,0.061877,0.41702,0.6156,0.0041583,0.34661,0.03362,0.065704,1.6612
1.7683,0.48868,0.58963,0.055987,0.43722,0.51061,0.0042544,0.43995,0.030212,0.055657,1.6466
1.751,0.48249,0.60996,0.063204,0.42116,0.62017,0.0031795,0.35208,0.033721,0.061779,1.689
1.7052,0.47877,0.64412,0.066191,0.42108,0.61466,0.0042796,0.3467,0.033416,0.066325,1.654
1.5023,0.51807,0.63118,0.058763,0.41347,0.65664,0.00080213,0.33887,0.033332,0.064622,1.7707
1.6344,0.50316,0.59575,0.061596,0.42004,0.6566,0.00015924,0.33899,0.033766,0.065772,1.7682
1.6559,0.48978,0.64464,0.061522,0.42165,0.64327,0.00053456,0.34873,0.033514,0.064159,1.7496
1.654,0.49657,0.61688,0.062287,0.41482,0.63752,0.004022,0.3321,0.033564,0.06691,1.6615
1.6907,0.48457,0.63777,0.063409,0.42264,0.63544,0.0025235,0.34289,0.033449,0.0647,1.6839
1.6916,0.48597,0.62998,0.064232,0.41874,0.6291,0.0041606,0.33625,0.033238,0.068784,1.6648
1.6424,0.48208,0.66408,0.066336,0.42753,0.55865,0.0037688,0.4011,0.031195,0.060773,1.6515
1.6394,0.50272,0.59431,0.06162,0.4203,0.65674,3.1875e-07,0.33983,0.033775,0.065572,1.7742
1.6397,0.50181,0.59796,0.061696,0.42033,0.65665,7.7411e-06,0.33994,0.033759,0.065627,1.7755
1.6351,0.50145,0.60173,0.062408,0.41854,0.6274,0.0031727,0.34312,0.033835,0.065284,1.6743
1.7466,0.46615,0.66833,0.064735,0.43771,0.61188,0.0043026,0.35845,0.032241,0.062123,1.6743
1.6356,0.48738,0.67889,0.059434,0.42306,0.59966,0.0042981,0.37215,0.032082,0.056775,1.6402
1.7234,0.48141,0.65435,0.059009,0.42065,0.60936,0.0032098,0.35315,0.033624,0.067266,1.6186
1.6401,0.50311,0.59648,0.060747,0.41945,0.64574,0.00017609,0.3476,0.033816,0.064353,1.8263
1.6135,0.5009,0.61388,0.063698,0.41707,0.64274,0.0039163,0.32796,0.033432,0.068557,1.6503
1.6412,0.50236,0.59449,0.061669,0.42035,0.65659,1.5889e-06,0.34006,0.033756,0.065539,1.7758
1.3575,0.51831,0.74713,0.056484,0.40269,0.64614,0.00080485,0.34725,0.034033,0.059311,1.7365
1.517,0.51345,0.64375,0.059459,0.41062,0.62977,0.0039784,0.34062,0.032808,0.06686,1.6581
1.6382,0.50268,0.59548,0.061588,0.42019,0.65672,1.5926e-06,0.33986,0.033764,0.065585,1.7735
1.474,0.52406,0.62122,0.057852,0.41649,0.64584,8.0977e-06,0.35492,0.033084,0.061703,1.905
1.7147,0.48147,0.63831,0.063961,0.41778,0.59367,0.004298,0.36528,0.032055,0.067835,1.6499
1.6257,0.49492,0.64271,0.061943,0.4174,0.62279,0.0041038,0.34216,0.033399,0.066822,1.6467
1.6525,0.49945,0.5983,0.062656,0.41908,0.6444,0.0039558,0.32524,0.03322,0.070915,1.6596
1.6455,0.5025,0.58806,0.061402,0.42529,0.6246,0.003617,0.34626,0.033233,0.064479,1.7008
1.7956,0.46688,0.62854,0.068027,0.42687,0.60091,0.0043171,0.36033,0.032345,0.066165,1.6469
1.7606,0.47027,0.65477,0.061913,0.4362,0.59662,0.0044231,0.3675,0.031712,0.065178,1.6543
1.5873,0.50682,0.61778,0.060163,0.41756,0.65267,9.782e-06,0.34295,0.033577,0.066498,1.8253
1.7003,0.48574,0.62659,0.061641,0.43013,0.61522,0.0042827,0.34556,0.033347,0.067862,1.653
1.6771,0.46715,0.70893,0.065714,0.43366,0.57417,0.0043823,0.40183,0.029428,0.055796,1.6793
1.6391,0.50277,0.59425,0.061619,0.42028,0.65681,7.9703e-06,0.3397,0.033775,0.065606,1.7732
1.5371,0.48743,0.74078,0.064136,0.40185,0.61672,0.0038588,0.35109,0.032336,0.068609,1.6835
1.7608,0.47655,0.61969,0.066081,0.42045,0.60728,0.0044705,0.35896,0.032119,0.064359,1.6424
1.6644,0.49069,0.63717,0.062301,0.4161,0.64226,0.004177,0.32722,0.033562,0.067841,1.654
1.6758,0.48771,0.63195,0.063489,0.42227,0.62634,0.0040886,0.33889,0.033264,0.068675,1.6455
1.4472,0.50451,0.7359,0.059008,0.40937,0.65189,0.00069285,0.34422,0.033034,0.064227,1.7674
1.7127,0.48485,0.63951,0.059029,0.42651,0.5851,0.0041082,0.37227,0.032409,0.06527,1.6636
1.793,0.46561,0.66174,0.0627,0.42719,0.5853,0.0044221,0.37984,0.031912,0.058573,1.6496
1.7105,0.48071,0.64901,0.064824,0.40974,0.6167,0.0043079,0.34926,0.032826,0.064881,1.6439
1.7127,0.49063,0.5967,0.063771,0.41767,0.60988,0.0044025,0.34941,0.031794,0.074685,1.6584
1.7165,0.47122,0.68772,0.061713,0.42762,0.57602,0.0044653,0.3947,0.03083,0.055334,1.6586
1.7801,0.47721,0.61125,0.059589,0.44443,0.53937,0.0045248,0.42308,0.030655,0.051128,1.6609
1.7287,0.4932,0.61228,0.054271,0.4258,0.59308,0.0045572,0.37297,0.031318,0.062515,1.6246
1.6002,0.50601,0.61022,0.060817,0.41774,0.65573,4.7855e-05,0.34114,0.033689,0.065355,1.801
1.2307,0.53113,0.78558,0.05437,0.39359,0.59727,0.0040168,0.37289,0.032159,0.060873,1.7991
1.5646,0.50367,0.64441,0.061907,0.41458,0.63482,0.0040599,0.3346,0.033114,0.067641,1.6443
1.7746,0.48559,0.60244,0.060292,0.41234,0.58516,0.0046397,0.37765,0.030448,0.067334,1.664
1.7723,0.47124,0.62599,0.065867,0.43356,0.62573,0.004383,0.33812,0.032378,0.072259,1.6637
1.5263,0.52136,0.58415,0.060934,0.41919,0.66299,0.0039507,0.31624,0.032797,0.069842,1.6511
1.6543,0.50063,0.58608,0.062368,0.4256,0.61723,0.00080287,0.36714,0.033724,0.060024,1.7819
1.6354,0.49,0.65792,0.062329,0.41654,0.65016,0.00097558,0.34235,0.033315,0.064897,1.7542
1.6391,0.50276,0.59434,0.061617,0.42028,0.65681,1.5942e-06,0.33975,0.033775,0.065598,1.7735
1.5892,0.50142,0.63625,0.062395,0.41395,0.63716,0.0041014,0.33231,0.033439,0.067281,1.665
1.7001,0.4896,0.60984,0.0639,0.41683,0.64156,0.0025875,0.33505,0.033398,0.069577,1.7175
1.6964,0.48536,0.62207,0.066013,0.41834,0.64682,0.0040141,0.32714,0.032806,0.069049,1.657
1.5527,0.50544,0.64985,0.060096,0.41563,0.65324,6.5663e-06,0.3438,0.033737,0.064162,1.8021
1.7647,0.47722,0.6269,0.062921,0.42176,0.56632,0.0040807,0.3813,0.033342,0.065406,1.669
1.7607,0.48551,0.6,0.061469,0.41867,0.61468,0.0043785,0.35001,0.033035,0.064636,1.6445
1.5696,0.50758,0.62289,0.060943,0.4169,0.65598,7.9839e-06,0.34236,0.033671,0.064566,1.8351
1.6398,0.50263,0.59436,0.061623,0.42031,0.65673,1.5951e-06,0.33987,0.03377,0.065574,1.7746
1.706,0.47524,0.64502,0.066969,0.43402,0.5612,0.0044367,0.38745,0.03104,0.070816,1.605
1.646,0.50164,0.59295,0.061899,0.42109,0.65669,3.9705e-06,0.34007,0.033755,0.065436,1.7776
1.6382,0.50279,0.59507,0.061566,0.42017,0.65556,7.9104e-06,0.34061,0.033762,0.065525,1.771
1.5054,0.51173,0.65515,0.058973,0.4166,0.65463,0.00081438,0.33906,0.033012,0.067512,1.757
1.6957,0.49804,0.58308,0.060727,0.42169,0.62034,0.0043536,0.34425,0.033631,0.063846,1.6475
1.6385,0.50274,0.59483,0.061599,0.42027,0.65651,1.589e-06,0.34004,0.033769,0.065538,1.7746
1.6566,0.49808,0.60331,0.062172,0.41977,0.64974,0.0016313,0.33549,0.033774,0.066401,1.7329
1.6409,0.50253,0.59365,0.061688,0.42029,0.65513,1.2819e-05,0.34119,0.033766,0.065425,1.7962
1.7222,0.47545,0.63837,0.06511,0.43724,0.60246,0.0042524,0.359,0.032419,0.067135,1.6554
1.6435,0.50293,0.59084,0.06155,0.4205,0.65587,7.6728e-06,0.34032,0.033687,0.065729,1.758
1.7431,0.47475,0.64182,0.064704,0.42504,0.61655,0.004348,0.35149,0.032914,0.062507,1.6479
1.7616,0.48209,0.6054,0.062454,0.42513,0.61436,0.0042976,0.35088,0.03248,0.066659,1.6532
