1.935699999999999921e-01,2.965499999999999803e-01,4.916300000000000114e-01,2.709599999999999786e-01,5.324100000000000499e-01,2.813100000000000045e-01,1.940099999999999880e-01
4.117100000000000204e-01,2.388299999999999867e-01,4.648300000000000209e-01,6.433400000000000230e-01,3.661200000000000010e-01,2.529600000000000182e-01,1.730899999999999939e-01
2.789699999999999958e-01,3.678600000000000203e-01,3.809500000000000108e-01,9.911900000000000155e-01,2.423299999999999899e-01,1.710099999999999953e-01,4.905399999999999761e-01
2.041900000000000104e-01,3.136700000000000044e-01,4.545799999999999841e-01,4.035500000000000198e-01,4.260700000000000043e-01,3.266000000000000014e-01,1.084400000000000031e+00
4.472800000000000109e-01,4.324700000000000072e-02,4.688700000000000090e-01,8.401899999999999924e-01,2.048000000000000098e-01,2.639099999999999779e-01,7.376399999999999624e-02
2.701100000000000168e-01,1.292899999999999883e-01,5.507300000000000528e-01,5.112700000000000022e-01,3.016199999999999992e-01,4.310700000000000087e-01,8.063500000000000112e-01
3.305100000000000260e-01,1.241199999999999942e-01,5.705099999999999616e-01,5.604299999999999837e-01,2.834300000000000153e-01,4.041100000000000247e-01,4.857500000000000151e-01
2.566499999999999893e-01,1.643199999999999938e-01,4.996700000000000030e-01,5.957000000000000073e-01,2.231899999999999995e-01,4.257400000000000073e-01,8.265400000000000524e-01
3.598199999999999732e-01,1.561800000000000133e-01,5.694000000000000172e-01,4.884700000000000153e-01,4.559599999999999764e-01,2.515499999999999958e-01,1.098000000000000087e+00
4.529900000000000038e-01,2.625200000000000103e-02,4.897299999999999986e-01,7.973500000000000032e-01,2.742800000000000238e-01,2.318699999999999928e-01,4.007600000000000051e-01
3.887700000000000045e-01,1.909099999999999964e-01,4.502900000000000236e-01,4.902400000000000091e-01,4.648300000000000209e-01,2.647499999999999853e-01,8.751299999999999635e-01
3.876700000000000146e-01,1.271400000000000030e-01,4.546799999999999731e-01,1.950600000000000112e-01,6.625699999999999923e-01,2.119999999999999940e-01,6.870699999999999585e-01
1.999900000000000011e-01,3.120499999999999940e-01,4.804599999999999982e-01,1.089299999999999935e+00,6.965899999999999870e-02,3.220000000000000084e-01,7.827499999999999458e-01
3.925500000000000100e-01,4.882600000000000134e-02,4.869700000000000140e-01,1.083199999999999996e-01,8.041899999999999604e-01,1.008700000000000013e-01,9.977700000000000458e-01
2.743700000000000028e-01,2.600600000000000134e-01,5.007899999999999574e-01,6.405399999999999983e-01,1.615999999999999936e-01,3.466000000000000192e-01,3.929900000000000060e-01
3.739600000000000146e-01,2.426200000000000023e-01,4.954100000000000170e-01,3.949599999999999778e-01,5.084699999999999775e-01,2.403700000000000003e-01,5.506900000000000128e-01
2.506999999999999784e-01,3.250399999999999956e-01,3.771100000000000008e-01,2.887000000000000122e-01,6.036000000000000254e-01,2.386900000000000133e-01,2.394599999999999854e-02
3.356999999999999984e-01,9.181100000000000372e-02,5.836500000000000021e-01,4.549599999999999755e-01,3.996899999999999897e-01,3.200399999999999912e-01,6.340200000000000280e-01
4.127700000000000258e-01,6.453799999999999815e-02,5.035399999999999876e-01,7.609200000000000408e-01,8.952300000000000535e-02,2.962600000000000233e-01,1.940299999999999914e+00
4.787799999999999834e-01,1.012700000000000058e-02,6.581299999999999928e-01,5.149500000000000188e-01,2.681799999999999740e-01,3.847400000000000264e-01,1.466599999999999904e+00
3.704000000000000070e-01,1.147699999999999970e-01,5.278500000000000414e-01,1.047800000000000065e+00,3.812299999999999803e-03,2.587300000000000155e-01,8.356700000000000239e-01
3.599499999999999922e-01,8.429999999999999993e-02,5.474099999999999522e-01,3.328900000000000192e-01,5.973899999999999766e-01,1.977099999999999969e-01,1.059800000000000075e+00
3.122300000000000075e-01,2.801800000000000124e-02,6.715600000000000458e-01,8.343099999999999961e-01,2.212600000000000122e-01,3.550599999999999867e-01,8.597799999999999887e-01
2.785299999999999998e-01,1.947699999999999987e-01,4.213999999999999968e-01,4.481800000000000228e-01,3.330600000000000227e-01,3.638600000000000168e-01,1.238199999999999967e+00
2.630299999999999860e-01,2.551300000000000234e-01,4.353099999999999747e-01,2.778700000000000059e-01,5.862199999999999633e-01,2.338899999999999868e-01,9.179000000000000492e-01
2.151599999999999902e-01,2.206700000000000050e-01,4.667299999999999782e-01,4.906900000000000150e-01,3.246499999999999941e-01,3.578200000000000269e-01,1.319800000000000084e+00
3.897399999999999753e-01,1.365599999999999870e-01,4.787600000000000189e-01,4.763100000000000112e-01,4.093800000000000217e-01,2.931099999999999817e-01,5.485999999999999766e-01
1.581700000000000050e-01,2.628499999999999726e-01,5.470599999999999907e-01,2.035800000000000110e-01,6.624799999999999578e-01,2.027100000000000013e-01,1.803800000000000070e+00
2.023099999999999898e-01,2.627099999999999991e-01,5.280200000000000449e-01,6.209700000000000220e-01,2.260500000000000009e-01,2.510700000000000154e-01,1.281600000000000072e+00
3.000800000000000134e-01,2.288100000000000134e-01,4.675799999999999956e-01,5.696600000000000552e-01,2.667100000000000026e-01,3.699299999999999811e-01,1.641100000000000003e+00
3.118099999999999761e-01,2.659099999999999797e-01,5.108599999999999808e-01,3.727900000000000102e-01,4.627700000000000147e-01,2.946400000000000130e-01,4.150299999999999823e-02
2.384199999999999930e-01,1.972099999999999964e-01,5.794000000000000261e-01,4.696100000000000274e-01,4.267199999999999882e-01,2.984200000000000186e-01,6.855799999999999672e-01
3.504700000000000037e-01,2.585299999999999820e-01,2.888299999999999756e-01,5.312999999999999945e-01,3.053199999999999803e-01,4.177199999999999802e-01,1.612000000000000099e+00
3.024200000000000221e-01,3.201999999999999846e-01,4.157699999999999729e-01,5.431200000000000472e-01,2.923600000000000088e-01,3.754399999999999959e-01,1.375199999999999978e+00
2.414199999999999957e-01,2.089100000000000124e-01,5.801199999999999690e-01,3.605599999999999916e-01,5.162400000000000322e-01,2.863700000000000134e-01,1.310300000000000020e+00
3.956100000000000172e-01,1.213199999999999973e-01,5.316100000000000270e-01,3.917300000000000226e-01,5.425900000000000167e-01,2.561999999999999833e-01,1.786799999999999944e+00
4.521800000000000264e-01,5.062099999999999933e-02,5.821300000000000363e-01,4.808999999999999941e-01,4.183600000000000096e-01,2.895599999999999841e-01,7.247200000000000308e-01
1.825799999999999923e-01,2.545499999999999985e-01,5.708100000000000396e-01,9.701800000000000423e-01,2.270199999999999996e-01,2.581100000000000061e-01,1.909899999999999931e+00
3.961999999999999966e-01,9.666399999999999992e-02,6.252299999999999525e-01,4.263899999999999912e-01,4.789999999999999813e-01,3.079899999999999860e-01,1.050200000000000022e+00
4.758200000000000207e-01,9.030700000000000120e-05,5.311399999999999455e-01,5.098099999999999854e-01,3.864299999999999957e-01,3.039600000000000080e-01,7.227099999999999635e-01
4.487400000000000277e-01,1.659399999999999894e-03,5.842100000000000071e-01,4.482099999999999973e-01,5.377600000000000158e-01,2.058399999999999952e-01,8.911900000000000377e-01
2.725099999999999745e-01,1.741300000000000070e-01,5.020299999999999763e-01,5.127800000000000136e-01,3.914500000000000202e-01,3.342899999999999761e-01,1.486099999999999977e+00
2.590100000000000180e-01,2.419800000000000006e-01,5.506100000000000438e-01,3.015599999999999947e-01,6.950800000000000312e-01,1.045600000000000002e-01,6.586499999999999577e-01
2.324900000000000022e-01,3.521699999999999831e-01,3.860000000000000098e-01,5.746999999999999886e-01,2.029400000000000093e-01,4.591799999999999771e-01,1.726900000000000102e-01
3.124600000000000155e-01,3.118299999999999961e-01,4.566799999999999748e-01,7.365000000000000435e-01,3.928499999999999770e-01,2.814699999999999980e-01,1.604600000000000026e+00
2.739500000000000268e-01,1.947899999999999909e-01,4.924700000000000188e-01,4.267900000000000027e-01,3.737800000000000011e-01,3.574499999999999900e-01,1.129299999999999971e+00
3.042500000000000204e-01,2.353099999999999914e-01,3.684000000000000052e-01,2.640700000000000269e-01,5.412099999999999689e-01,2.762299999999999756e-01,1.594400000000000039e+00
3.660399999999999765e-01,1.262099999999999889e-01,5.166899999999999826e-01,4.412499999999999756e-01,4.314899999999999847e-01,3.356700000000000239e-01,4.286800000000000332e-02
4.438400000000000123e-01,7.131300000000000139e-02,5.290000000000000258e-01,1.071900000000000075e+00,1.080300000000000010e-01,3.188400000000000123e-01,1.672500000000000098e+00
3.012199999999999878e-01,2.137000000000000011e-01,4.380800000000000249e-01,5.102499999999999813e-01,3.249699999999999811e-01,3.080899999999999750e-01,1.905499999999999972e+00
2.728900000000000214e-01,2.465499999999999914e-01,5.169799999999999951e-01,6.952800000000000091e-01,1.940399999999999903e-01,4.007399999999999851e-01,4.777899999999999925e-01
2.894999999999999796e-01,2.332299999999999929e-01,5.104800000000000448e-01,7.846300000000000496e-01,3.477799999999999780e-01,2.626999999999999891e-01,5.072900000000000326e-02
3.265199999999999769e-01,2.099000000000000032e-01,4.327699999999999880e-01,7.633299999999999530e-01,1.369400000000000062e-01,3.559300000000000241e-01,1.285199999999999898e+00
2.646200000000000219e-01,3.096400000000000263e-01,4.184200000000000141e-01,7.010100000000000220e-01,2.944399999999999795e-01,2.848800000000000221e-01,7.460299999999999709e-01
3.210500000000000020e-01,7.660200000000000342e-02,4.584099999999999842e-01,2.431000000000000105e-01,6.827800000000000535e-01,1.607699999999999962e-01,6.154800000000000271e-01
2.299900000000000000e-01,2.802499999999999991e-01,5.482700000000000351e-01,2.448500000000000121e-01,7.195200000000000484e-01,9.575400000000000578e-02,6.632299999999999862e-01
2.703400000000000247e-01,1.952800000000000091e-01,5.509600000000000053e-01,3.729299999999999837e-01,5.631599999999999939e-01,2.076199999999999990e-01,1.060799999999999965e+00
4.061799999999999855e-01,7.203700000000000381e-02,4.402400000000000202e-01,4.557200000000000140e-01,3.291399999999999881e-01,4.071400000000000019e-01,4.651299999999999879e-01
3.398499999999999854e-01,4.155400000000000066e-02,6.885799999999999699e-01,5.150200000000000333e-01,3.596099999999999852e-01,3.182900000000000174e-01,4.957199999999999940e-01
3.816899999999999737e-01,1.918199999999999905e-01,4.096400000000000041e-01,5.768699999999999939e-01,4.284100000000000130e-01,2.101200000000000012e-01,1.153799999999999937e+00
3.464700000000000002e-01,9.090700000000000169e-02,5.782300000000000217e-01,3.625599999999999934e-01,5.613099999999999756e-01,2.310899999999999899e-01,4.980299999999999727e-01
3.957899999999999752e-01,8.025000000000000189e-02,5.941600000000000215e-01,7.987900000000000000e-01,1.888799999999999923e-01,3.342499999999999916e-01,7.002099999999999991e-01
2.564400000000000013e-01,2.940300000000000136e-01,4.571200000000000263e-01,4.469400000000000039e-01,3.407000000000000028e-01,3.636400000000000188e-01,7.771700000000000275e-01
1.371400000000000119e-01,4.596999999999999975e-01,4.025199999999999889e-01,9.458400000000000141e-01,1.492700000000000138e-01,3.037099999999999800e-01,4.043800000000000172e-01
3.123900000000000010e-01,2.642700000000000049e-01,3.674100000000000144e-01,7.610700000000000243e-01,1.644400000000000028e-01,3.573399999999999910e-01,7.028400000000000203e-01
3.700399999999999801e-01,1.662599999999999911e-01,4.431800000000000184e-01,6.528899999999999704e-01,2.645799999999999819e-01,2.958700000000000219e-01,7.903000000000000025e-01
2.509600000000000164e-01,1.602699999999999958e-01,5.534900000000000375e-01,6.320099999999999607e-01,2.505800000000000249e-01,3.662400000000000100e-01,8.464399999999999702e-01
1.949500000000000122e-01,3.252399999999999736e-01,4.355999999999999872e-01,2.629900000000000015e-01,6.192499999999999671e-01,2.323600000000000110e-01,1.178099999999999925e+00
3.345500000000000140e-01,1.998300000000000076e-01,4.947799999999999976e-01,2.587499999999999800e-01,5.466199999999999948e-01,2.470900000000000041e-01,4.230499999999999816e-01
3.011900000000000133e-01,2.533799999999999941e-01,5.114699999999999802e-01,5.987500000000000044e-01,3.378300000000000192e-01,2.500000000000000000e-01,7.629399999999999515e-01
3.773900000000000032e-01,5.216599999999999709e-02,5.120799999999999796e-01,5.561899999999999622e-01,2.721100000000000185e-01,3.920600000000000196e-01,1.535400000000000098e+00
1.728000000000000091e-01,3.187800000000000078e-01,4.842799999999999883e-01,5.697999999999999732e-01,3.736499999999999821e-01,3.105999999999999872e-01,2.500999999999999890e-01
3.669799999999999729e-01,7.443299999999999916e-02,5.588400000000000034e-01,3.394300000000000095e-01,6.756600000000000383e-01,1.404700000000000115e-01,1.330400000000000027e+00
2.686600000000000099e-01,2.379499999999999948e-01,5.260500000000000176e-01,7.108900000000000219e-01,2.377799999999999914e-01,2.617800000000000127e-01,7.153500000000000414e-01
3.946100000000000163e-01,7.539099999999999968e-02,5.960600000000000342e-01,4.199499999999999900e-01,4.101799999999999891e-01,3.369400000000000173e-01,6.621299999999999963e-01
2.393899999999999917e-01,2.578099999999999836e-01,4.068999999999999839e-01,5.801199999999999690e-01,3.340600000000000236e-01,3.699600000000000111e-01,9.138699999999999601e-01
2.822200000000000264e-01,1.813099999999999989e-01,4.612700000000000133e-01,4.250599999999999934e-01,5.194699999999999873e-01,2.041100000000000136e-01,1.427899999999999947e+00
3.849500000000000144e-01,9.969200000000000284e-02,4.739399999999999724e-01,3.390900000000000025e-01,4.071100000000000274e-01,3.899099999999999788e-01,1.351900000000000102e+00
3.606699999999999906e-01,4.618399999999999692e-06,5.894099999999999895e-01,4.648100000000000009e-01,3.713899999999999979e-01,3.180200000000000249e-01,1.538599999999999968e+00
3.278099999999999903e-01,2.346399999999999875e-01,5.338000000000000522e-01,2.236499999999999877e-01,6.292200000000000015e-01,2.220000000000000029e-01,5.927499999999999991e-01
2.574199999999999822e-01,2.208799999999999930e-01,5.361099999999999755e-01,3.453700000000000103e-01,4.226099999999999857e-01,3.691699999999999982e-01,1.232299999999999951e+00
3.037900000000000045e-01,2.083500000000000074e-01,4.231199999999999961e-01,8.461199999999999832e-01,1.839300000000000102e-01,3.327100000000000057e-01,1.417200000000000015e+00
3.234799999999999898e-01,2.781600000000000045e-02,4.553499999999999770e-01,5.944099999999999939e-01,3.098500000000000143e-01,3.339099999999999846e-01,1.484199999999999964e+00
4.263899999999999912e-01,1.008600000000000052e-01,5.222900000000000320e-01,5.170000000000000151e-01,5.053800000000000514e-01,1.889899999999999913e-01,2.719600000000000080e-07
3.104500000000000037e-01,1.499800000000000022e-01,5.989400000000000279e-01,3.636499999999999733e-01,4.699300000000000144e-01,2.891000000000000236e-01,6.976499999999999924e-01
1.795799999999999896e-01,3.484700000000000020e-01,4.030699999999999839e-01,5.560199999999999587e-01,2.901500000000000190e-01,3.930400000000000005e-01,6.224199999999999733e-01
4.628599999999999937e-01,2.224399999999999912e-04,6.748699999999999699e-01,5.587999999999999634e-01,3.826100000000000056e-01,2.804900000000000171e-01,1.390600000000000058e+00
2.924999999999999822e-01,8.899799999999999378e-02,5.904399999999999649e-01,5.031700000000000061e-01,3.922399999999999776e-01,2.372199999999999864e-01,2.305500000000000049e-01
2.526800000000000157e-01,3.039999999999999925e-01,4.509099999999999775e-01,9.516700000000000159e-01,1.209999999999999964e-01,2.985800000000000121e-01,7.188999999999999835e-01
4.055500000000000216e-01,9.397300000000000098e-02,3.813799999999999968e-01,4.900999999999999801e-01,4.417099999999999915e-01,2.308000000000000052e-01,7.370400000000000285e-01
3.316000000000000059e-01,9.419600000000000195e-02,4.894399999999999862e-01,3.242200000000000082e-01,5.582200000000000495e-01,2.426099999999999923e-01,3.671100000000000058e-02
2.568199999999999927e-01,2.373899999999999899e-01,5.102499999999999813e-01,2.154999999999999971e-01,5.348899999999999766e-01,3.336200000000000276e-01,4.351499999999999813e-01
3.042099999999999804e-01,8.873300000000000631e-02,6.306000000000000494e-01,7.315300000000000136e-01,3.010399999999999743e-01,2.583300000000000041e-01,1.549900000000000055e+00
3.497799999999999798e-01,1.797999999999999876e-01,4.428799999999999959e-01,7.130600000000000271e-01,3.482500000000000040e-01,2.192000000000000060e-01,4.553499999999999909e-02
2.761799999999999811e-01,2.403099999999999958e-01,4.755699999999999927e-01,3.547899999999999943e-01,6.437699999999999534e-01,1.603400000000000103e-01,5.721600000000000019e-01
3.255199999999999760e-01,2.514100000000000223e-01,3.630999999999999783e-01,6.803099999999999703e-01,3.306600000000000095e-01,2.777399999999999869e-01,6.463799999999999546e-01
1.377800000000000136e-01,4.392400000000000193e-01,3.194100000000000272e-01,5.778100000000000458e-01,3.644200000000000217e-01,2.290200000000000014e-01,4.313799999999999857e-01
2.471399999999999986e-01,1.851800000000000113e-01,5.388800000000000257e-01,3.302899999999999725e-01,4.554199999999999915e-01,3.360199999999999854e-01,1.250799999999999912e+00
2.656200000000000228e-01,3.485099999999999865e-01,3.736599999999999921e-01,4.872199999999999864e-01,5.501000000000000334e-01,1.970999999999999974e-01,5.695000000000000062e-01
2.489300000000000124e-01,2.881699999999999817e-01,4.846500000000000252e-01,4.499099999999999766e-01,4.184200000000000141e-01,3.194799999999999862e-01,1.023400000000000087e+00
1.329200000000000104e-01,4.866099999999999870e-01,3.675700000000000078e-01,5.124699999999999811e-01,2.943100000000000160e-01,3.581900000000000084e-01,4.980499999999999927e-01
1.937500000000000056e-01,3.576500000000000234e-01,4.176900000000000057e-01,4.003099999999999992e-01,5.220500000000000140e-01,2.063500000000000056e-01,6.683400000000000452e-01
2.296300000000000008e-01,2.689099999999999824e-01,5.499300000000000299e-01,6.744499999999999940e-01,3.769199999999999773e-01,2.299400000000000055e-01,2.488900000000000001e-01
2.920300000000000118e-01,2.090500000000000136e-01,5.775099999999999678e-01,5.070099999999999607e-01,3.851800000000000224e-01,2.825099999999999834e-01,1.076100000000000056e+00
3.512199999999999767e-01,1.793899999999999939e-01,5.506699999999999928e-01,5.111999999999999877e-01,3.753500000000000170e-01,2.870699999999999918e-01,1.500299999999999967e+00
3.420199999999999907e-01,4.867699999999999805e-02,5.878900000000000237e-01,7.787899999999999823e-01,2.399900000000000089e-01,3.245700000000000252e-01,1.250099999999999989e+00
2.435599999999999987e-01,3.188300000000000023e-01,4.743600000000000039e-01,9.536000000000000032e-01,1.945699999999999930e-01,2.968899999999999872e-01,3.691999999999999726e-01
3.876299999999999746e-01,1.887000000000000066e-01,3.668799999999999839e-01,2.711999999999999966e-01,6.451000000000000068e-01,1.948999999999999899e-01,6.872000000000000330e-01
2.427600000000000036e-01,2.531599999999999961e-01,4.764200000000000101e-01,5.403000000000000025e-01,2.974800000000000222e-01,3.768299999999999983e-01,6.243999999999999551e-01
3.326399999999999912e-01,2.724699999999999900e-01,4.230999999999999761e-01,2.927600000000000202e-01,6.047099999999999698e-01,2.117100000000000093e-01,1.835000000000000173e-02
3.371000000000000107e-01,1.573400000000000076e-01,4.703600000000000003e-01,4.096699999999999786e-01,4.803700000000000192e-01,2.669599999999999751e-01,5.448800000000000310e-01
3.705899999999999750e-01,1.270000000000000018e-01,5.394200000000000106e-01,4.897000000000000242e-01,3.934900000000000064e-01,3.310100000000000264e-01,1.465899999999999981e+00
2.669400000000000106e-01,2.345899999999999930e-01,4.739200000000000079e-01,5.620100000000000096e-01,3.979300000000000059e-01,2.599199999999999844e-01,4.528300000000000103e-01
3.392899999999999805e-01,1.666499999999999926e-01,5.099200000000000399e-01,7.684600000000000319e-01,2.765799999999999925e-01,3.094199999999999728e-01,1.082300000000000040e+00
2.663200000000000012e-01,1.806399999999999950e-01,5.508999999999999453e-01,3.255100000000000215e-01,5.438699999999999646e-01,2.462300000000000044e-01,1.395100000000000007e+00
3.503600000000000048e-01,6.767900000000000305e-02,5.145300000000000429e-01,2.241299999999999959e-01,5.075499999999999456e-01,3.478100000000000080e-01,9.203599999999999559e-01
1.645300000000000096e-01,3.808799999999999963e-01,4.644499999999999740e-01,9.371099999999999985e-01,2.337300000000000141e-02,3.944699999999999873e-01,3.292200000000000126e-01
3.882399999999999740e-01,2.149899999999999867e-01,4.346800000000000108e-01,5.192400000000000349e-01,2.808899999999999730e-01,4.322300000000000031e-01,1.559599999999999875e-01
2.734400000000000164e-01,1.459300000000000042e-01,5.853500000000000369e-01,8.026699999999999946e-01,2.077100000000000057e-01,2.205100000000000116e-01,1.289299999999999891e+00
2.442400000000000126e-01,3.190000000000000058e-01,4.496999999999999886e-01,5.716700000000000115e-01,2.837399999999999922e-01,3.832499999999999796e-01,1.613699999999999912e+00
2.596399999999999819e-01,1.387899999999999967e-01,6.055899999999999617e-01,3.740399999999999836e-01,5.307500000000000551e-01,2.110899999999999999e-01,3.375299999999999967e-01
2.615600000000000147e-01,3.219299999999999939e-01,3.893099999999999894e-01,3.548499999999999988e-01,5.112799999999999567e-01,2.740299999999999958e-01,7.572699999999999987e-01
4.315399999999999792e-01,1.521599999999999906e-03,6.494999999999999662e-01,5.067300000000000137e-01,4.920599999999999974e-01,2.293600000000000083e-01,6.836100000000000509e-01
2.531399999999999761e-01,2.336900000000000088e-01,4.751099999999999768e-01,4.350899999999999768e-01,3.608100000000000196e-01,3.755899999999999794e-01,5.535200000000000120e-01
3.641900000000000137e-01,7.452200000000000490e-02,4.441200000000000148e-01,4.045300000000000007e-01,5.720899999999999874e-01,2.323999999999999955e-01,1.203899999999999970e+00
2.212300000000000100e-01,1.754900000000000071e-01,6.299900000000000500e-01,8.866199999999999637e-01,1.566499999999999899e-07,3.804199999999999804e-01,1.078400000000000025e+00
3.135700000000000154e-01,9.022399999999999864e-02,6.001199999999999868e-01,3.411699999999999733e-01,5.688800000000000523e-01,2.112300000000000011e-01,2.475600000000000023e-02
2.370800000000000129e-01,3.108099999999999752e-01,4.349199999999999733e-01,4.876599999999999824e-01,4.239999999999999880e-01,3.069399999999999906e-01,9.432500000000000329e-01
4.726000000000000201e-01,6.176800000000000346e-02,3.875399999999999956e-01,5.343299999999999716e-01,3.725299999999999723e-01,3.402000000000000024e-01,3.901999999999999913e-01
4.825300000000000145e-01,1.975099999999999911e-01,3.429499999999999771e-01,3.503700000000000148e-01,5.638900000000000023e-01,1.957099999999999951e-01,1.024599999999999955e+00
2.807100000000000151e-01,1.450100000000000000e-01,6.285899999999999821e-01,5.599600000000000133e-01,3.664100000000000135e-01,2.736100000000000199e-01,5.321399999999999464e-01
3.039000000000000035e-01,1.930399999999999894e-01,4.944100000000000161e-01,2.975999999999999757e-01,5.445699999999999985e-01,2.252399999999999958e-01,1.247800000000000020e+00
5.304699999999999971e-01,5.001400000000000290e-02,5.017399999999999638e-01,4.577300000000000257e-01,4.848600000000000132e-01,2.680199999999999805e-01,8.521100000000000341e-01
2.248199999999999921e-01,3.015499999999999847e-01,4.521700000000000164e-01,5.592000000000000304e-01,3.963099999999999956e-01,2.907000000000000139e-01,1.245600000000000041e+00
3.775499999999999967e-01,1.218599999999999961e-01,4.792000000000000148e-01,7.255300000000000082e-01,3.086800000000000099e-01,2.062900000000000011e-01,5.099100000000000160e-02
2.404300000000000048e-01,3.542000000000000148e-01,3.949900000000000078e-01,6.429899999999999505e-01,3.245600000000000152e-01,3.263599999999999834e-01,5.219899999999999540e-01
3.412100000000000133e-01,9.985099999999999532e-02,5.276499999999999524e-01,9.783699999999999619e-01,9.163999999999999924e-02,3.505699999999999927e-01,1.150500000000000078e+00
2.301400000000000112e-01,3.169100000000000250e-01,4.719999999999999751e-01,2.827299999999999813e-01,6.431799999999999740e-01,1.754499999999999948e-01,7.673200000000000021e-01
2.206400000000000028e-01,2.175900000000000056e-01,5.408199999999999674e-01,5.120400000000000507e-01,4.571600000000000108e-01,2.927400000000000002e-01,8.015000000000000206e-04
2.881600000000000272e-01,2.302099999999999980e-01,5.068899999999999517e-01,4.793499999999999983e-01,4.359000000000000097e-01,3.194100000000000272e-01,1.767700000000000049e+00
3.205399999999999916e-01,2.844300000000000161e-01,5.100999999999999979e-01,5.932899999999999840e-01,4.148000000000000020e-01,2.299900000000000000e-01,1.980399999999999938e+00
3.515800000000000036e-01,2.001799999999999968e-01,4.841799999999999993e-01,5.236399999999999944e-01,4.223199999999999732e-01,2.803399999999999781e-01,3.539100000000000024e-01
3.537399999999999989e-01,1.995500000000000052e-01,5.264999999999999680e-01,2.141599999999999893e-01,6.052199999999999802e-01,2.826799999999999868e-01,1.968699999999999894e+00
3.311700000000000199e-01,2.369199999999999917e-01,4.414299999999999891e-01,5.252700000000000147e-01,4.341800000000000104e-01,2.496299999999999908e-01,7.371799999999999464e-01
3.602500000000000147e-01,9.079399999999999971e-02,4.952099999999999835e-01,4.315899999999999737e-01,4.089900000000000202e-01,3.422600000000000087e-01,1.037199999999999900e+00
1.775100000000000011e-01,3.286499999999999977e-01,4.878199999999999759e-01,3.250899999999999901e-01,5.003300000000000525e-01,2.992199999999999860e-01,1.540599999999999988e-04
2.538099999999999801e-01,3.591300000000000048e-01,4.332300000000000040e-01,7.312400000000000011e-01,3.583500000000000019e-01,2.474399999999999933e-01,4.262099999999999778e-01
3.064600000000000102e-01,1.914700000000000013e-01,4.840300000000000158e-01,6.407699999999999507e-01,2.025599999999999901e-01,4.203700000000000214e-01,1.332899999999999974e+00
2.541499999999999870e-01,3.457299999999999818e-01,3.409099999999999908e-01,5.328500000000000458e-01,4.001199999999999757e-01,2.931099999999999817e-01,1.539900000000000047e+00
2.207999999999999963e-01,4.266300000000000092e-01,3.239299999999999957e-01,5.587199999999999944e-01,2.361000000000000043e-01,4.082299999999999818e-01,8.453399999999999803e-01
2.706899999999999862e-01,1.691999999999999893e-01,4.996099999999999985e-01,6.710700000000000554e-01,3.163799999999999946e-01,2.532499999999999751e-01,1.480700000000000072e-01
2.962699999999999778e-01,1.392299999999999927e-01,5.409500000000000419e-01,6.271200000000000108e-01,3.484499999999999820e-01,2.776500000000000079e-01,3.133099999999999774e-01
3.700999999999999845e-01,2.704699999999999882e-01,3.854400000000000048e-01,8.428799999999999626e-01,1.688099999999999878e-01,3.706699999999999995e-01,1.287500000000000089e+00
3.676300000000000123e-01,3.632999999999999945e-03,6.918499999999999650e-01,4.688200000000000145e-01,4.182100000000000262e-01,3.208900000000000086e-01,6.595999999999999641e-01
4.531700000000000172e-01,2.950799999999999951e-02,5.927499999999999991e-01,5.200900000000000523e-01,4.187799999999999856e-01,2.999299999999999744e-01,5.770399999999999974e-01
3.348300000000000165e-01,2.245699999999999918e-01,4.475399999999999934e-01,2.251199999999999868e-01,5.137199999999999545e-01,3.648500000000000076e-01,2.824099999999999744e-04
1.484900000000000109e-01,3.356299999999999839e-01,5.083100000000000396e-01,2.454900000000000138e-01,5.823800000000000088e-01,2.437100000000000100e-01,2.333700000000000011e-02
2.908899999999999819e-01,2.313199999999999978e-01,4.706500000000000128e-01,7.251300000000000523e-01,2.342899999999999983e-01,2.580899999999999861e-01,3.635300000000000198e-01
3.465400000000000147e-01,1.759000000000000008e-01,4.561899999999999844e-01,2.584899999999999975e-01,6.047200000000000353e-01,2.300399999999999945e-01,6.850800000000000223e-01
3.655900000000000261e-01,1.624299999999999911e-01,4.425600000000000089e-01,9.496200000000000196e-01,2.740299999999999958e-01,2.531599999999999961e-01,1.278799999999999937e+00
3.376399999999999957e-01,1.472499999999999920e-01,4.570799999999999863e-01,3.551500000000000212e-01,5.772800000000000153e-01,2.107700000000000129e-01,5.217300000000000271e-01
2.149199999999999999e-01,2.468299999999999939e-01,4.680300000000000016e-01,4.441800000000000193e-01,4.035500000000000198e-01,3.449400000000000244e-01,1.922299999999999898e+00
1.313300000000000023e-01,3.760299999999999754e-01,4.470799999999999774e-01,3.938099999999999934e-01,4.057499999999999996e-01,3.264299999999999979e-01,1.434500000000000108e+00
2.987699999999999800e-01,1.091899999999999954e-01,4.995600000000000041e-01,8.025400000000000311e-01,1.179199999999999958e-04,4.516100000000000114e-01,1.049600000000000088e+00
5.085600000000000120e-01,7.984199999999999631e-02,3.041699999999999959e-01,3.519499999999999851e-01,4.826699999999999879e-01,2.792499999999999982e-01,4.497999999999999776e-01
4.030199999999999894e-01,9.759199999999999819e-02,4.398299999999999987e-01,3.119199999999999751e-01,5.104800000000000448e-01,3.234199999999999853e-01,8.532899999999999929e-01
3.054299999999999793e-01,7.846899999999999709e-02,6.202299999999999480e-01,3.283499999999999752e-01,6.419599999999999751e-01,1.294700000000000017e-01,1.069600000000000106e+00
1.784699999999999898e-01,4.088499999999999912e-01,4.086000000000000187e-01,7.142399999999999860e-01,2.225199999999999956e-01,3.879099999999999770e-01,1.397699999999999942e+00
3.336600000000000121e-01,1.617399999999999949e-01,5.083800000000000541e-01,4.345499999999999918e-01,3.405699999999999839e-01,3.662799999999999945e-01,1.510599999999999943e+00
2.164300000000000113e-01,3.734100000000000197e-01,4.037000000000000033e-01,5.870199999999999863e-01,3.858400000000000163e-01,2.797700000000000187e-01,1.524699999999999944e+00
3.949199999999999933e-01,2.605800000000000130e-02,6.112499999999999600e-01,7.179699999999999971e-01,2.376800000000000024e-01,3.258599999999999830e-01,6.111499999999999710e-01
4.441800000000000193e-01,3.432500000000000134e-02,5.774299999999999988e-01,4.654800000000000049e-01,3.903800000000000048e-01,2.667599999999999971e-01,1.899599999999999955e+00
3.078099999999999725e-01,1.307699999999999974e-01,5.509300000000000308e-01,6.625100000000000433e-01,2.258199999999999930e-01,4.259200000000000208e-01,9.511399999999999855e-01
3.524399999999999755e-01,1.472499999999999920e-01,4.589599999999999791e-01,1.041099999999999914e+00,1.024400000000000033e-01,3.379300000000000082e-01,1.293099999999999916e+00
2.053800000000000070e-01,3.724999999999999978e-01,4.532300000000000217e-01,5.167399999999999771e-01,3.825500000000000012e-01,2.398599999999999899e-01,1.092300000000000049e+00
2.716199999999999726e-01,1.071600000000000052e-01,6.024599999999999955e-01,6.476800000000000335e-01,3.914099999999999802e-01,2.531700000000000061e-01,9.770699999999999941e-01
3.089199999999999724e-01,2.569199999999999817e-01,4.587899999999999756e-01,5.157899999999999707e-01,2.592499999999999805e-01,3.457399999999999918e-01,1.358100000000000085e+00
4.145599999999999841e-01,3.600699999999999734e-02,6.550399999999999556e-01,9.593800000000000106e-01,6.958699999999999608e-02,3.797400000000000220e-01,1.905000000000000027e+00
2.210000000000000020e-01,2.701899999999999857e-01,4.864999999999999880e-01,4.640299999999999980e-01,5.299099999999999921e-01,2.021999999999999909e-01,7.979500000000000481e-01
2.138100000000000001e-01,1.590499999999999969e-01,6.228900000000000547e-01,7.210800000000000542e-01,3.612799999999999900e-01,2.494000000000000106e-01,2.191899999999999959e-01
2.116699999999999970e-01,3.387800000000000256e-01,3.871499999999999941e-01,5.380300000000000082e-01,4.176000000000000267e-01,2.631600000000000050e-01,3.278900000000000065e-05
3.077500000000000235e-01,2.523400000000000087e-01,5.183499999999999774e-01,3.719000000000000083e-01,3.820200000000000262e-01,3.938800000000000079e-01,3.796200000000000130e-01
3.671599999999999864e-01,1.187600000000000044e-01,4.930800000000000183e-01,5.781399999999999872e-01,2.456000000000000127e-01,4.277599999999999736e-01,1.050100000000000033e+00
2.137799999999999978e-01,3.849099999999999744e-01,2.800500000000000211e-01,8.203300000000000036e-01,2.418800000000000117e-01,3.023000000000000131e-01,8.739500000000000046e-01
3.440799999999999970e-01,1.079800000000000065e-01,4.122399999999999953e-01,6.985700000000000243e-01,3.030599999999999961e-01,2.138200000000000101e-01,7.383300000000000418e-01
2.857199999999999740e-01,2.000000000000000111e-01,4.982199999999999962e-01,7.302100000000000257e-01,1.844500000000000028e-01,3.053500000000000103e-01,6.139299999999999757e-01
2.923299999999999788e-01,2.210499999999999965e-01,4.838700000000000223e-01,7.895799999999999486e-01,3.667500000000000204e-01,2.504500000000000060e-01,1.327599999999999891e-01
1.830400000000000083e-01,4.136500000000000177e-01,4.228399999999999936e-01,3.273400000000000198e-01,6.085800000000000098e-01,2.200900000000000079e-01,8.040599999999999969e-01
2.433200000000000085e-01,3.212099999999999955e-01,4.949399999999999911e-01,6.937699999999999978e-01,2.604400000000000048e-01,2.738900000000000223e-01,6.840800000000000214e-01
2.026999999999999913e-01,3.419400000000000217e-01,4.316999999999999726e-01,3.094799999999999773e-01,5.835399999999999476e-01,2.278799999999999992e-01,3.943999999999999728e-01
1.555300000000000016e-01,4.200699999999999990e-01,4.546999999999999931e-01,3.181599999999999984e-01,5.870900000000000007e-01,2.476500000000000090e-01,1.206299999999999928e+00
2.966199999999999948e-01,1.819099999999999884e-01,5.558100000000000263e-01,3.119299999999999851e-01,4.350399999999999823e-01,3.723400000000000043e-01,7.581900000000000306e-01
1.500299999999999967e-01,3.614100000000000090e-01,5.168300000000000116e-01,6.692000000000000171e-01,2.782999999999999918e-01,3.371000000000000107e-01,1.575599999999999890e+00
1.872999999999999943e-01,4.198500000000000010e-01,3.155399999999999872e-01,4.292900000000000049e-01,4.017399999999999860e-01,3.492500000000000049e-01,1.110000000000000098e+00
4.291499999999999759e-01,9.761000000000000232e-02,4.492200000000000082e-01,6.015399999999999636e-01,4.597499999999999920e-01,2.029900000000000038e-01,6.661599999999999466e-02
3.491099999999999759e-01,1.679399999999999990e-02,4.489699999999999802e-01,3.696499999999999786e-01,5.884399999999999631e-01,1.684799999999999909e-01,9.640300000000000535e-01
4.353299999999999947e-01,9.340099999999999791e-02,4.972599999999999798e-01,6.900800000000000267e-01,3.559100000000000041e-01,2.882399999999999962e-01,8.927699999999999525e-01
3.063799999999999857e-01,6.726799999999999446e-02,5.670899999999999830e-01,4.403400000000000092e-01,3.662500000000000200e-01,3.140499999999999958e-01,6.925000000000000044e-01
2.246299999999999963e-01,1.110499999999999959e-01,7.008100000000000440e-01,7.431699999999999973e-01,3.262100000000000000e-01,2.733599999999999919e-01,2.414499999999999980e-01
2.511999999999999789e-01,2.484399999999999942e-01,4.899399999999999866e-01,4.948699999999999766e-01,3.221499999999999919e-01,3.696300000000000141e-01,1.358700000000000019e+00
3.358800000000000119e-01,1.548299999999999954e-01,5.142900000000000249e-01,5.998900000000000343e-01,8.083400000000000307e-02,5.137599999999999945e-01,2.228999999999999870e-01
3.518600000000000061e-01,2.140900000000000025e-01,4.396300000000000208e-01,4.272799999999999931e-01,5.555900000000000283e-01,1.979899999999999993e-01,8.368200000000000083e-01
3.464700000000000002e-01,2.290200000000000014e-01,3.911499999999999977e-01,7.011800000000000255e-01,3.598799999999999777e-01,3.107500000000000262e-01,8.076600000000000446e-01
2.641000000000000014e-01,2.120499999999999885e-01,4.981999999999999762e-01,4.658800000000000163e-01,4.732700000000000240e-01,2.602800000000000114e-01,1.956099999999999950e+00
2.852299999999999836e-01,3.000900000000000234e-01,3.992600000000000038e-01,6.657600000000000184e-01,4.241300000000000070e-01,2.152799999999999991e-01,2.120799999999999907e-01
2.854300000000000170e-01,3.240000000000000102e-01,4.505399999999999960e-01,4.928799999999999848e-01,4.862400000000000055e-01,2.123800000000000132e-01,7.719200000000000506e-01
3.534100000000000019e-01,1.849300000000000110e-01,4.105500000000000260e-01,5.882800000000000251e-01,2.491400000000000003e-01,3.306200000000000250e-01,5.366699999999999943e-02
2.644099999999999784e-01,2.033399999999999930e-01,4.874899999999999789e-01,5.945700000000000429e-01,2.343800000000000050e-01,3.753099999999999770e-01,4.144700000000000051e-01
3.087300000000000044e-01,1.805900000000000005e-01,4.712999999999999967e-01,5.895599999999999730e-01,4.502999999999999781e-01,2.078200000000000047e-01,7.765900000000000025e-01
2.813200000000000145e-01,2.124199999999999977e-01,5.430500000000000327e-01,4.656500000000000083e-01,4.617600000000000038e-01,1.513799999999999868e-01,7.821500000000000119e-01
6.001100000000000323e-01,1.665199999999999916e-08,5.883899999999999686e-01,5.940299999999999470e-01,3.185899999999999843e-01,3.232499999999999818e-01,1.150600000000000067e+00
3.707699999999999885e-01,8.958900000000000197e-02,5.604599999999999582e-01,9.081000000000000183e-01,1.735599999999999921e-01,2.378300000000000136e-01,6.503900000000000237e-01
3.588199999999999723e-01,1.856399999999999995e-01,4.495000000000000107e-01,3.028000000000000136e-01,4.784499999999999864e-01,3.311299999999999799e-01,1.554499999999999979e-02
2.634500000000000175e-01,3.401100000000000234e-01,4.594400000000000150e-01,3.981199999999999739e-01,4.226699999999999902e-01,3.204400000000000026e-01,4.313100000000000267e-01
2.554400000000000004e-01,2.361699999999999910e-01,4.535399999999999987e-01,7.290900000000000158e-01,1.359799999999999898e-01,4.523300000000000098e-01,5.532599999999999740e-01
3.404099999999999904e-01,2.270300000000000096e-01,4.864800000000000235e-01,6.512999999999999901e-01,1.890600000000000058e-01,4.077200000000000268e-01,5.890199999999999880e-01
2.307299999999999907e-01,2.344700000000000117e-01,5.131799999999999695e-01,7.663699999999999957e-01,6.864399999999999669e-02,4.272000000000000242e-01,1.248799999999999910e+00
5.313299999999999690e-01,3.656500000000000028e-03,4.257900000000000018e-01,7.996900000000000119e-01,2.614299999999999957e-01,2.347700000000000065e-01,1.420400000000000107e+00
2.421899999999999886e-01,3.361700000000000244e-01,4.162199999999999789e-01,5.301599999999999646e-01,2.460600000000000009e-01,3.781399999999999761e-01,4.508699999999999930e-01
4.021600000000000175e-01,1.322500000000000064e-01,5.691199999999999593e-01,4.095199999999999951e-01,5.025800000000000267e-01,2.480900000000000050e-01,1.035600000000000076e+00
2.067599999999999993e-01,2.889300000000000201e-01,5.361299999999999955e-01,3.951899999999999857e-01,4.635000000000000231e-01,2.984899999999999776e-01,5.905599999999999739e-01
3.183199999999999918e-01,2.226499999999999868e-01,4.735699999999999910e-01,6.172100000000000364e-01,3.092400000000000149e-01,3.165799999999999725e-01,1.722499999999999920e+00
2.838700000000000112e-01,1.432299999999999962e-01,4.955499999999999905e-01,4.884999999999999898e-01,4.265999999999999792e-01,3.104100000000000192e-01,2.606100000000000083e-03
2.991599999999999815e-01,2.278399999999999870e-01,5.275300000000000544e-01,4.981900000000000217e-01,4.847000000000000197e-01,2.632800000000000140e-01,1.154900000000000038e+00
3.059299999999999797e-01,1.665600000000000136e-01,4.893100000000000227e-01,5.386300000000000532e-01,3.723899999999999988e-01,2.782899999999999818e-01,2.949100000000000055e-01
3.002500000000000169e-01,1.128299999999999963e-02,6.612299999999999844e-01,5.305299999999999461e-01,4.534099999999999797e-01,2.105100000000000027e-01,3.970200000000000118e-02
3.279900000000000038e-01,1.644200000000000106e-01,5.823700000000000543e-01,3.170100000000000140e-01,6.479300000000000059e-01,1.745599999999999929e-01,1.457600000000000041e-02
2.166099999999999970e-01,2.454600000000000115e-01,5.332799999999999763e-01,1.360599999999999865e-01,7.696800000000000308e-01,1.620999999999999941e-01,1.433799999999999963e+00
1.825299999999999978e-01,4.248700000000000254e-01,2.822200000000000264e-01,4.364999999999999991e-01,3.913200000000000012e-01,3.675200000000000133e-01,1.586300000000000043e+00
2.327200000000000102e-01,3.659399999999999875e-01,4.994399999999999951e-01,4.667399999999999882e-01,4.152500000000000080e-01,2.835099999999999842e-01,5.892600000000000060e-01
3.526900000000000035e-01,1.047499999999999959e-01,5.792199999999999571e-01,6.230900000000000327e-01,2.695799999999999863e-01,3.171700000000000075e-01,4.914100000000000135e-01
3.816999999999999837e-01,8.300399999999999445e-02,5.347800000000000331e-01,6.168599999999999639e-01,3.125399999999999845e-01,3.447100000000000164e-01,3.676699999999999968e-01
3.680599999999999983e-01,1.577999999999999958e-01,4.998000000000000220e-01,6.081400000000000139e-01,3.644499999999999962e-01,3.202800000000000091e-01,9.351099999999999968e-01
2.614799999999999902e-01,2.230999999999999928e-01,5.642899999999999583e-01,3.886999999999999900e-01,4.285300000000000220e-01,3.123699999999999810e-01,4.130499999999999727e-01
1.766500000000000015e-01,3.108500000000000152e-01,4.928799999999999848e-01,5.114100000000000312e-01,3.735299999999999732e-01,3.147699999999999942e-01,2.720699999999999785e-01
4.555600000000000205e-01,3.638199999999999963e-04,5.047399999999999665e-01,5.989200000000000079e-01,2.231400000000000050e-01,4.129599999999999937e-01,1.559400000000000022e-02
2.014100000000000057e-01,3.468399999999999817e-01,4.706500000000000128e-01,4.892699999999999827e-01,5.225300000000000500e-01,2.044600000000000029e-01,1.040100000000000025e+00
3.066999999999999726e-01,2.550499999999999989e-01,4.382800000000000029e-01,4.899700000000000166e-01,4.267099999999999782e-01,2.621700000000000141e-01,1.284200000000000008e+00
4.190400000000000236e-01,9.604100000000000137e-02,5.396199999999999886e-01,6.511500000000000066e-01,3.246600000000000041e-01,3.632699999999999818e-01,5.719899999999999984e-01
5.707900000000000196e-01,1.151299999999999962e-01,4.715699999999999892e-01,4.127899999999999903e-01,4.604699999999999904e-01,3.156599999999999961e-01,2.336399999999999866e-01
2.434000000000000052e-01,2.794400000000000217e-01,4.781900000000000039e-01,1.028000000000000025e+00,2.768099999999999901e-03,3.895799999999999819e-01,1.887199999999999989e+00
4.399600000000000177e-01,3.292000000000000330e-05,6.255399999999999849e-01,7.641799999999999704e-01,4.971699999999999850e-05,4.551200000000000245e-01,2.046499999999999871e-04
2.707200000000000162e-01,2.463799999999999879e-01,5.103400000000000158e-01,3.892100000000000004e-01,5.493099999999999650e-01,2.119600000000000095e-01,2.143299999999999927e-01
2.079499999999999960e-01,2.927000000000000157e-01,4.339299999999999824e-01,6.312699999999999978e-01,1.693099999999999883e-01,3.493700000000000139e-01,8.221300000000000274e-01
2.239800000000000124e-01,1.862699999999999911e-01,5.923399999999999777e-01,4.041000000000000147e-01,4.436700000000000088e-01,2.826099999999999723e-01,1.306499999999999884e-01
2.264500000000000124e-01,1.332000000000000128e-01,6.520000000000000240e-01,3.958599999999999897e-01,4.675699999999999856e-01,2.679300000000000015e-01,1.278100000000000014e+00
3.240000000000000102e-01,4.004499999999999726e-02,5.700399999999999912e-01,4.649800000000000044e-01,4.724999999999999756e-01,3.019700000000000162e-01,1.381399999999999961e+00
3.412100000000000133e-01,2.000000000000000111e-01,5.197199999999999598e-01,4.774700000000000055e-01,4.142600000000000171e-01,3.291999999999999926e-01,5.827499999999999902e-01
4.386599999999999944e-01,3.290200000000000069e-02,3.523700000000000165e-01,2.998399999999999954e-01,5.607900000000000107e-01,2.393699999999999994e-01,8.635299999999999920e-02
4.221400000000000152e-01,1.234600000000000003e-01,4.662600000000000078e-01,4.301300000000000123e-01,4.129999999999999782e-01,3.066099999999999937e-01,4.958400000000000030e-01
2.004599999999999993e-01,2.894999999999999796e-01,3.507199999999999762e-01,8.179999999999999494e-01,1.854600000000000137e-01,3.680100000000000038e-01,5.299300000000000122e-01
3.835799999999999765e-01,1.831399999999999972e-01,5.668199999999999905e-01,3.336500000000000021e-01,5.561399999999999677e-01,2.032700000000000062e-01,1.073099999999999943e+00
3.685700000000000087e-01,4.391400000000000164e-02,5.536400000000000210e-01,5.531599999999999850e-01,3.472299999999999831e-01,3.666599999999999859e-01,7.697899999999999743e-01
2.103200000000000069e-01,3.518899999999999806e-01,5.005199999999999649e-01,4.439299999999999913e-01,4.454699999999999771e-01,3.003899999999999904e-01,9.737500000000000044e-01
3.405599999999999739e-01,6.840300000000000546e-02,6.269099999999999673e-01,4.208999999999999964e-01,5.221400000000000485e-01,2.277500000000000080e-01,7.069299999999999473e-01
3.173000000000000265e-01,2.388800000000000090e-01,4.921300000000000119e-01,5.728299999999999503e-01,3.109899999999999887e-01,3.274799999999999933e-01,4.215499999999999803e-01
4.002999999999999892e-01,2.182000000000000051e-01,4.642899999999999805e-01,5.425999999999999712e-01,4.961099999999999954e-01,1.805200000000000138e-01,1.310200000000000031e+00
2.018999999999999961e-01,3.115299999999999736e-01,5.188899999999999624e-01,7.931300000000000017e-01,9.658899999999999431e-02,3.437899999999999845e-01,9.027800000000000269e-01
1.921599999999999975e-01,3.831899999999999751e-01,4.301499999999999768e-01,5.790999999999999481e-01,3.370400000000000063e-01,3.287999999999999812e-01,4.363999999999999824e-02
2.215300000000000047e-01,2.884800000000000142e-01,3.902300000000000213e-01,2.248400000000000121e-01,6.145800000000000152e-01,2.351499999999999979e-01,1.358300000000000063e-01
2.861000000000000210e-01,6.413000000000000644e-02,5.977099999999999635e-01,4.189800000000000191e-01,3.564399999999999791e-01,3.881999999999999895e-01,5.661599999999999966e-01
3.223699999999999899e-01,1.168799999999999978e-01,6.005800000000000027e-01,7.725800000000000445e-01,2.920400000000000218e-01,2.603900000000000103e-01,6.388399999999999634e-01
3.913200000000000012e-01,7.206899999999999418e-02,6.255500000000000504e-01,5.656900000000000261e-01,3.379699999999999926e-01,3.642900000000000027e-01,5.477499999999999591e-01
2.940599999999999881e-01,2.254800000000000137e-01,5.009000000000000119e-01,5.928200000000000136e-01,3.328400000000000247e-01,2.886099999999999777e-01,3.199699999999999767e-01
3.009200000000000208e-01,2.080899999999999972e-01,5.491599999999999815e-01,5.423799999999999732e-01,3.750399999999999845e-01,2.767299999999999760e-01,5.111499999999999932e-01
3.161900000000000266e-01,4.647400000000000142e-02,5.973399999999999821e-01,6.683900000000000396e-01,3.093299999999999939e-01,3.440599999999999770e-01,5.708299999999999486e-01
3.633399999999999963e-01,1.815199999999999869e-01,4.801599999999999757e-01,6.150400000000000311e-01,3.819500000000000117e-01,3.129399999999999959e-01,1.394900000000000029e+00
3.007299999999999973e-01,2.010800000000000087e-01,5.266699999999999715e-01,4.229999999999999871e-01,4.969000000000000083e-01,2.461099999999999954e-01,1.202800000000000091e+00
1.450200000000000100e-01,3.577099999999999724e-01,4.052299999999999791e-01,5.348699999999999566e-01,2.485499999999999932e-01,3.773699999999999832e-01,2.405699999999999852e-02
4.402099999999999902e-01,5.605000000000000260e-02,5.424600000000000533e-01,5.781800000000000272e-01,3.281200000000000228e-01,3.487100000000000199e-01,4.240499999999999825e-01
2.182099999999999873e-01,3.480199999999999960e-01,4.759999999999999787e-01,4.226099999999999857e-01,4.822799999999999865e-01,2.638599999999999834e-01,1.049900000000000055e+00
3.325699999999999767e-01,1.913900000000000046e-01,4.518699999999999939e-01,5.849900000000000100e-01,3.306299999999999795e-01,3.786599999999999966e-01,1.776999999999999913e+00
2.747999999999999887e-01,2.555100000000000149e-01,5.106699999999999573e-01,5.607400000000000162e-01,3.744899999999999896e-01,2.217000000000000082e-01,1.927999999999999936e+00
3.970799999999999885e-01,1.125599999999999934e-01,4.611600000000000144e-01,4.668800000000000172e-01,3.552799999999999847e-01,3.592099999999999738e-01,1.695200000000000040e-01
2.413500000000000090e-01,1.422799999999999898e-01,5.338199999999999612e-01,4.346700000000000008e-01,4.175300000000000122e-01,3.017500000000000182e-01,9.894500000000000517e-01
3.846399999999999819e-01,5.089400000000000174e-02,5.268699999999999495e-01,4.674699999999999966e-01,3.523700000000000165e-01,3.623000000000000109e-01,5.340500000000000247e-01
3.794100000000000250e-01,1.674700000000000077e-01,3.967200000000000171e-01,5.637799999999999478e-01,2.024799999999999933e-01,4.019699999999999940e-01,5.369300000000000184e-01
2.925800000000000067e-01,2.020200000000000051e-01,5.459899999999999753e-01,4.531000000000000028e-01,5.384600000000000497e-01,2.088200000000000056e-01,4.835300000000000153e-01
4.428300000000000014e-01,1.432600000000000004e-07,6.485499999999999599e-01,4.106600000000000250e-01,5.314499999999999780e-01,2.229299999999999893e-01,9.495799999999999572e-07
2.240699999999999914e-01,1.499500000000000000e-01,6.294600000000000195e-01,5.036599999999999966e-01,1.750599999999999934e-01,4.926400000000000223e-01,1.999100000000000099e+00
1.768800000000000094e-01,4.230800000000000116e-01,3.437600000000000100e-01,4.271199999999999997e-01,5.726700000000000124e-01,1.389100000000000057e-01,9.489499999999999602e-01
3.097599999999999798e-01,2.826099999999999723e-01,4.462599999999999900e-01,4.132700000000000262e-01,3.229899999999999993e-01,3.992800000000000238e-01,1.628400000000000070e+00
3.430500000000000216e-01,2.699199999999999933e-01,4.469699999999999784e-01,4.647999999999999909e-01,5.218300000000000161e-01,1.600800000000000001e-01,1.344100000000000072e+00
3.538600000000000079e-01,2.224200000000000066e-01,5.228899999999999659e-01,4.019400000000000195e-01,3.373399999999999732e-01,3.792300000000000115e-01,1.122500000000000053e+00
3.120899999999999785e-01,2.361800000000000010e-01,5.154900000000000038e-01,2.915699999999999958e-01,6.623900000000000343e-01,1.344200000000000117e-01,1.296100000000000030e+00
3.162699999999999956e-01,1.670500000000000040e-01,4.935200000000000142e-01,2.560999999999999943e-01,5.488100000000000200e-01,2.911699999999999844e-01,2.009700000000000097e-01
2.325800000000000090e-01,2.850500000000000256e-01,4.532100000000000017e-01,4.410200000000000231e-01,4.291200000000000014e-01,3.014899999999999802e-01,3.997999999999999887e-01
2.992900000000000005e-01,9.356100000000000527e-02,5.384799999999999587e-01,2.998799999999999799e-01,5.239500000000000268e-01,2.821199999999999819e-01,1.290000000000000036e+00
3.513100000000000112e-01,1.614800000000000124e-01,3.707500000000000240e-01,3.914599999999999747e-01,3.702300000000000035e-01,4.146199999999999886e-01,1.113099999999999978e+00
2.686000000000000054e-01,1.970399999999999929e-01,4.085300000000000042e-01,4.057399999999999896e-01,4.177000000000000157e-01,3.588500000000000023e-01,5.603099999999999747e-01
4.479699999999999793e-01,1.583199999999999885e-01,4.651799999999999824e-01,6.745999999999999774e-01,2.613400000000000167e-01,2.271600000000000008e-01,1.729600000000000026e-01
2.137799999999999978e-01,3.424499999999999766e-01,4.595400000000000040e-01,9.562899999999999734e-01,2.245999999999999941e-01,2.492000000000000048e-01,1.127000000000000002e+00
4.365899999999999781e-01,1.389899999999999990e-02,6.243499999999999606e-01,4.293699999999999739e-01,5.048399999999999554e-01,2.474699999999999955e-01,1.523400000000000087e+00
2.365700000000000025e-01,3.225100000000000189e-01,4.135800000000000032e-01,5.977500000000000036e-01,3.038100000000000245e-01,3.850700000000000234e-01,6.196000000000000396e-01
3.236899999999999777e-01,2.164300000000000113e-01,4.737299999999999844e-01,1.822400000000000131e-01,6.725400000000000267e-01,2.215300000000000047e-01,7.720000000000000195e-01
2.682399999999999785e-01,2.101999999999999980e-01,5.880300000000000527e-01,5.771199999999999664e-01,3.560200000000000031e-01,3.048899999999999944e-01,1.669999999999999929e+00
3.391600000000000170e-01,1.660200000000000009e-01,5.780199999999999783e-01,6.101699999999999902e-01,3.704299999999999815e-01,2.969300000000000272e-01,8.957500000000000462e-01
5.051299999999999679e-01,1.622099999999999931e-02,5.726299999999999724e-01,1.324099999999999999e-01,7.468299999999999939e-01,1.742900000000000005e-01,8.575599999999999890e-02
1.713500000000000023e-01,4.107100000000000195e-01,3.902499999999999858e-01,4.590699999999999781e-01,4.955300000000000260e-01,2.555799999999999739e-01,1.239300000000000068e+00
3.166200000000000125e-01,1.686900000000000066e-01,5.218699999999999450e-01,5.435299999999999576e-01,3.477299999999999836e-01,2.653099999999999903e-01,2.742100000000000093e-01
3.198900000000000077e-01,1.616100000000000037e-01,6.118500000000000050e-01,6.612299999999999844e-01,2.507099999999999884e-01,3.710899999999999754e-01,2.221599999999999964e-01
4.279499999999999971e-01,6.929699999999999749e-02,4.873500000000000054e-01,5.923500000000000432e-01,2.957500000000000129e-01,2.898800000000000265e-01,1.700700000000000101e+00
4.665500000000000203e-01,1.191399999999999959e-01,5.097399999999999709e-01,8.156900000000000261e-01,1.402599999999999958e-01,4.070799999999999974e-01,4.075400000000000134e-01
2.308399999999999896e-01,2.795799999999999952e-01,5.520100000000000007e-01,2.927299999999999902e-01,6.727199999999999847e-01,1.399299999999999988e-01,4.762000000000000122e-01
2.256700000000000095e-01,2.461000000000000132e-01,4.942900000000000071e-01,2.984299999999999731e-01,5.834599999999999786e-01,2.158299999999999941e-01,5.854999999999999788e-02
3.233699999999999908e-01,2.908299999999999774e-01,4.407499999999999751e-01,5.269700000000000495e-01,3.892999999999999794e-01,3.331600000000000117e-01,8.034200000000000230e-01
2.176700000000000024e-01,3.223099999999999854e-01,5.125800000000000356e-01,3.714299999999999824e-01,4.198000000000000065e-01,3.315699999999999759e-01,1.592500000000000027e+00
3.786599999999999966e-01,1.345300000000000107e-01,3.977899999999999769e-01,1.546399999999999997e-01,7.292300000000000448e-01,1.823400000000000021e-01,2.133099999999999996e-01
3.549499999999999877e-01,1.740599999999999925e-01,4.166400000000000103e-01,5.810600000000000209e-01,4.093800000000000217e-01,1.963399999999999868e-01,1.811299999999999910e+00
4.246300000000000074e-01,4.516400000000000275e-02,6.829699999999999660e-01,3.872599999999999931e-01,5.338399999999999812e-01,2.305500000000000049e-01,3.730999999999999872e-01
1.789600000000000080e-01,3.741499999999999826e-01,4.034300000000000108e-01,6.764299999999999757e-01,2.677700000000000080e-01,3.536199999999999899e-01,1.375699999999999923e+00
2.083000000000000129e-01,3.341299999999999826e-01,4.604099999999999859e-01,5.291700000000000292e-01,3.256200000000000205e-01,3.364900000000000113e-01,1.817300000000000026e-01
3.197599999999999887e-01,1.063299999999999940e-01,5.060000000000000053e-01,3.043600000000000194e-01,5.480399999999999716e-01,2.967699999999999783e-01,1.500899999999999901e+00
2.623599999999999821e-01,6.268500000000000461e-02,6.512799999999999701e-01,4.671000000000000152e-01,4.122899999999999898e-01,2.318999999999999950e-01,5.308299999999999824e-02
2.417400000000000104e-01,4.132700000000000262e-01,3.968200000000000061e-01,5.074899999999999967e-01,4.591899999999999871e-01,2.206500000000000128e-01,1.422600000000000087e+00
2.447499999999999953e-01,2.150900000000000034e-01,5.848299999999999610e-01,5.599800000000000333e-01,3.318200000000000038e-01,2.836799999999999877e-01,9.127100000000000213e-01
2.498299999999999965e-01,3.381799999999999806e-01,4.360499999999999932e-01,2.612999999999999767e-01,5.295299999999999452e-01,3.035599999999999965e-01,1.035500000000000087e+00
2.030200000000000060e-01,3.797099999999999920e-01,4.612600000000000033e-01,3.516599999999999726e-01,4.530500000000000083e-01,3.318999999999999728e-01,7.441200000000000037e-01
4.198500000000000010e-01,1.039899999999999991e-01,5.000499999999999945e-01,4.741500000000000159e-01,4.883899999999999908e-01,2.059400000000000119e-01,2.493200000000000138e-01
2.445400000000000074e-01,2.450799999999999923e-01,5.806400000000000450e-01,8.408900000000000263e-01,8.346399999999999653e-02,4.203899999999999859e-01,9.333000000000000185e-01
2.636600000000000055e-01,2.758099999999999996e-01,3.672300000000000009e-01,2.652599999999999958e-01,6.411200000000000232e-01,1.749300000000000022e-01,6.926099999999999479e-01
2.732899999999999774e-01,3.662799999999999945e-01,4.153800000000000270e-01,1.230900000000000105e+00,1.805599999999999983e-01,2.240399999999999892e-01,2.056000000000000050e-01
3.843699999999999894e-01,1.440500000000000114e-01,5.522700000000000387e-01,6.422600000000000531e-01,2.246299999999999963e-01,4.148000000000000020e-01,9.275400000000000311e-01
3.648600000000000176e-01,1.796099999999999919e-01,5.187500000000000444e-01,3.722900000000000098e-01,5.496900000000000119e-01,2.263100000000000112e-01,7.941599999999999770e-01
3.655300000000000216e-01,6.088299999999999615e-03,7.226200000000000401e-01,8.390300000000000535e-01,1.092700000000000060e-01,3.869600000000000262e-01,1.556899999999999951e-02
1.708199999999999996e-01,4.899000000000000021e-01,3.209299999999999931e-01,1.042100000000000026e+00,3.166599999999999970e-01,1.515799999999999925e-01,1.155899999999999928e+00
4.376200000000000090e-01,1.057700000000000029e-01,5.525900000000000256e-01,4.729800000000000115e-01,4.231699999999999906e-01,2.702899999999999747e-01,1.728099999999999914e-01
2.525499999999999967e-01,2.503299999999999970e-01,5.391899999999999471e-01,6.842599999999999794e-01,2.574699999999999767e-01,2.492300000000000071e-01,1.582100000000000062e+00
1.699100000000000055e-01,4.118200000000000194e-01,4.114800000000000124e-01,3.320699999999999763e-01,5.043299999999999450e-01,2.846699999999999786e-01,7.719000000000000306e-01
2.809800000000000075e-01,1.829900000000000138e-01,5.856999999999999984e-01,7.184099999999999930e-01,2.518000000000000238e-01,3.608600000000000141e-01,2.046399999999999886e-01
2.017500000000000127e-01,3.669399999999999884e-01,4.683800000000000185e-01,5.868799999999999573e-01,3.674999999999999933e-01,2.710699999999999776e-01,7.456700000000000550e-01
2.646800000000000264e-01,3.163300000000000001e-01,4.121799999999999908e-01,2.668099999999999916e-01,5.915500000000000203e-01,2.332599999999999951e-01,6.105899999999999661e-01
4.134099999999999997e-01,1.998499999999999999e-01,4.983799999999999897e-01,9.420500000000000540e-01,1.305900000000000116e-01,3.473999999999999866e-01,5.823599999999999888e-01
4.307699999999999863e-01,1.241499999999999965e-01,5.279899999999999594e-01,8.917699999999999516e-01,2.753499999999999837e-01,2.174699999999999966e-01,1.177300000000000013e+00
2.095899999999999985e-01,3.018000000000000127e-01,5.118700000000000472e-01,5.540599999999999969e-01,2.473599999999999965e-01,3.566300000000000026e-01,1.151399999999999979e+00
4.200099999999999945e-01,1.725499999999999950e-02,5.550500000000000433e-01,4.526499999999999968e-01,3.656900000000000150e-01,3.866999999999999882e-01,7.205200000000000493e-01
2.939200000000000146e-01,3.063799999999999857e-01,3.723699999999999788e-01,4.100500000000000256e-01,4.783600000000000074e-01,2.805400000000000116e-01,1.403899999999999926e+00
3.752599999999999825e-01,1.490200000000000136e-01,4.615099999999999758e-01,6.220700000000000118e-01,2.319400000000000073e-01,4.174300000000000233e-01,7.220800000000000551e-01
2.493599999999999983e-01,2.944200000000000150e-01,4.803799999999999737e-01,4.888399999999999967e-01,3.259699999999999820e-01,3.688299999999999912e-01,8.239600000000000257e-01
4.782199999999999784e-01,6.876400000000000567e-02,4.427499999999999769e-01,2.574799999999999867e-01,5.691399999999999793e-01,3.028500000000000081e-01,1.495300000000000074e+00
1.729700000000000126e-01,3.338200000000000056e-01,5.072100000000000497e-01,6.152199999999999891e-01,3.105399999999999827e-01,2.676899999999999835e-01,1.383900000000000130e-01
3.692699999999999871e-01,1.662700000000000011e-01,4.548599999999999866e-01,5.296199999999999797e-01,3.785399999999999876e-01,2.718099999999999961e-01,1.127499999999999947e+00
2.222000000000000086e-01,3.308499999999999774e-01,4.566299999999999804e-01,8.449600000000000444e-01,2.122999999999999887e-01,3.255700000000000260e-01,2.246000000000000080e-02
1.938300000000000023e-01,3.697300000000000031e-01,2.970099999999999962e-01,7.544199999999999795e-01,2.423399999999999999e-01,3.404300000000000104e-01,1.708399999999999919e+00
2.036300000000000054e-01,3.484900000000000220e-01,4.826099999999999834e-01,7.734299999999999509e-01,1.022200000000000053e-01,4.184700000000000086e-01,3.472299999999999831e-01
3.390199999999999880e-01,5.594500000000000167e-02,6.504199999999999982e-01,5.023100000000000342e-01,3.652799999999999936e-01,3.593600000000000128e-01,1.262100000000000000e+00
1.811300000000000132e-01,1.841800000000000104e-01,5.874700000000000477e-01,4.220999999999999752e-01,3.688500000000000112e-01,3.735499999999999932e-01,2.322700000000000042e-01
3.029299999999999771e-01,2.441300000000000137e-01,4.574099999999999833e-01,3.116300000000000181e-01,5.642899999999999583e-01,2.438500000000000112e-01,1.672600000000000087e+00
2.144199999999999995e-01,3.773099999999999787e-01,3.882099999999999995e-01,3.219899999999999984e-01,5.551700000000000523e-01,2.580100000000000171e-01,1.113899999999999890e+00
4.939600000000000102e-01,8.609999999999999598e-03,4.181000000000000272e-01,3.328699999999999992e-01,4.926200000000000023e-01,2.880300000000000082e-01,1.695000000000000062e+00
3.491600000000000259e-01,8.442299999999999804e-02,4.699300000000000144e-01,3.294699999999999851e-01,5.596999999999999753e-01,2.388099999999999945e-01,1.600000000000000033e-01
3.129399999999999959e-01,2.154199999999999865e-02,4.932599999999999763e-01,4.722999999999999976e-01,3.519399999999999751e-01,3.969099999999999850e-01,2.371699999999999850e-02
2.744800000000000018e-01,1.497900000000000065e-01,5.156899999999999817e-01,4.667600000000000082e-01,5.150200000000000333e-01,2.104100000000000137e-01,2.609099999999999753e-01
2.785099999999999798e-01,2.941599999999999770e-01,4.347900000000000098e-01,5.133400000000000185e-01,4.292099999999999804e-01,2.707800000000000207e-01,8.269900000000000029e-01
4.906699999999999950e-01,2.353000000000000091e-01,3.534800000000000164e-01,3.027000000000000246e-01,7.013300000000000090e-01,1.299299999999999899e-01,7.171899999999999942e-01
2.649799999999999933e-01,1.325699999999999934e-01,6.331599999999999451e-01,8.585399999999999698e-01,5.311699999999999755e-02,4.613399999999999723e-01,1.541299999999999892e+00
2.697100000000000053e-01,2.117700000000000138e-01,4.687600000000000100e-01,3.627299999999999969e-01,6.420799999999999841e-01,1.373300000000000076e-01,9.308199999999999807e-02
2.773800000000000154e-01,2.361499999999999988e-01,5.335999999999999632e-01,4.621199999999999752e-01,4.531499999999999972e-01,2.395799999999999874e-01,2.466899999999999926e-01
3.745899999999999785e-01,1.173399999999999999e-01,5.912300000000000333e-01,4.870099999999999985e-01,3.505199999999999982e-01,3.743900000000000006e-01,2.144999999999999962e-01
3.105200000000000182e-01,1.889000000000000123e-01,5.343599999999999461e-01,6.232400000000000162e-01,2.921500000000000208e-01,3.117400000000000171e-01,2.091600000000000126e-01
3.872700000000000031e-01,1.559699999999999975e-02,5.860899999999999999e-01,3.616500000000000270e-01,5.385499999999999732e-01,2.758499999999999841e-01,1.673900000000000110e-01
4.428500000000000214e-01,1.107800000000000035e-01,4.913899999999999935e-01,3.756300000000000194e-01,5.726400000000000379e-01,1.990699999999999970e-01,9.835000000000000409e-01
4.160599999999999854e-01,1.950599999999999903e-02,5.332200000000000273e-01,4.371099999999999985e-01,4.172600000000000198e-01,3.218199999999999950e-01,8.925499999999999545e-01
1.905199999999999949e-01,4.610500000000000154e-01,3.275399999999999978e-01,4.920700000000000074e-01,3.596400000000000152e-01,3.380500000000000171e-01,7.371499999999999719e-01
3.709899999999999864e-01,1.509300000000000086e-01,4.060500000000000220e-01,5.407499999999999529e-01,4.509299999999999975e-01,2.546900000000000275e-01,1.266899999999999971e-01
4.188500000000000001e-01,1.029199999999999976e-01,4.959500000000000020e-01,4.545100000000000251e-01,3.772599999999999842e-01,3.775600000000000067e-01,1.936900000000000066e+00
3.819100000000000272e-01,1.213800000000000018e-01,5.628800000000000470e-01,4.850599999999999912e-01,4.417200000000000015e-01,2.383800000000000086e-01,8.007199999999999873e-01
2.535000000000000031e-01,3.365099999999999758e-01,4.204600000000000004e-01,5.719499999999999584e-01,2.912100000000000244e-01,3.422999999999999932e-01,1.187500000000000000e+00
3.258699999999999930e-01,2.083600000000000035e-02,6.319399999999999462e-01,5.757299999999999640e-01,3.891899999999999804e-01,2.485300000000000009e-01,9.696200000000000374e-01
3.960500000000000131e-01,2.140199999999999880e-01,4.622999999999999887e-01,1.062599999999999989e+00,4.087799999999999941e-03,3.274000000000000243e-01,1.255500000000000060e+00
4.118700000000000139e-01,7.074300000000000380e-03,5.606200000000000072e-01,2.827999999999999958e-01,6.273900000000000032e-01,1.883100000000000052e-01,1.346999999999999975e+00
2.931300000000000017e-01,2.204200000000000048e-01,5.180500000000000105e-01,5.472399999999999487e-01,2.592200000000000060e-01,4.033399999999999763e-01,1.153000000000000025e+00
3.537799999999999834e-01,1.596900000000000056e-02,5.879900000000000126e-01,3.774700000000000277e-01,5.244299999999999518e-01,2.596700000000000119e-01,4.480600000000000138e-01
9.212399999999999756e-02,6.361099999999999532e-01,2.864300000000000179e-01,8.033900000000000485e-01,1.039700000000000069e-01,4.318799999999999861e-01,8.275400000000000533e-01
2.427700000000000136e-01,3.068000000000000171e-01,4.186799999999999966e-01,6.356500000000000483e-01,4.696799999999999864e-01,2.413099999999999967e-01,2.665100000000000247e-01
2.556700000000000084e-01,2.415700000000000069e-01,5.530100000000000016e-01,2.837399999999999922e-01,6.623200000000000198e-01,1.794999999999999929e-01,1.441300000000000026e+00
3.598500000000000032e-01,1.463599999999999901e-01,4.234600000000000031e-01,8.178400000000000114e-01,1.063199999999999978e-01,3.379599999999999826e-01,1.816799999999999971e+00
2.912600000000000189e-01,1.875100000000000100e-01,4.292300000000000004e-01,7.095099999999999740e-01,3.221100000000000074e-01,2.083299999999999874e-01,7.601599999999999469e-01
2.920499999999999763e-01,2.397199999999999886e-01,5.197300000000000253e-01,7.176700000000000301e-01,3.429900000000000171e-01,2.243799999999999961e-01,1.513100000000000035e-02
2.234899999999999942e-01,2.496400000000000008e-01,4.875900000000000234e-01,9.149800000000000155e-01,2.968799999999999772e-01,2.103899999999999937e-01,3.224199999999999844e-01
3.413399999999999768e-01,7.826500000000000367e-06,6.385199999999999765e-01,7.856300000000000505e-01,3.311399999999999899e-01,1.849099999999999910e-01,1.615599999999999925e+00
2.975599999999999912e-01,1.035900000000000015e-01,5.997200000000000308e-01,3.667699999999999849e-01,5.016599999999999948e-01,2.983500000000000041e-01,1.035500000000000087e+00
3.353300000000000169e-01,2.360700000000000021e-01,2.581899999999999751e-01,6.443499999999999783e-01,2.875499999999999723e-01,3.457799999999999763e-01,3.274799999999999933e-01
3.567000000000000171e-01,1.041899999999999901e-03,4.281699999999999950e-01,8.983299999999999619e-01,1.706000000000000016e-01,3.204000000000000181e-01,1.255100000000000104e+00
3.818099999999999827e-01,2.312500000000000111e-01,3.686699999999999977e-01,9.615200000000000413e-01,1.585699999999999887e-01,2.676600000000000090e-01,2.337799999999999878e-01
2.530800000000000272e-01,2.501300000000000190e-01,4.671500000000000097e-01,6.040799999999999503e-01,3.325400000000000023e-01,3.252399999999999736e-01,1.006999999999999895e+00
2.650299999999999878e-01,1.804999999999999938e-01,5.000400000000000400e-01,3.805499999999999994e-01,5.069299999999999917e-01,2.095700000000000063e-01,1.036100000000000021e+00
4.500700000000000256e-01,1.182900000000000063e-01,4.143800000000000261e-01,5.282200000000000228e-01,4.136900000000000022e-01,2.516999999999999793e-01,1.326799999999999979e+00
3.198900000000000077e-01,1.476800000000000057e-01,6.092699999999999783e-01,2.822999999999999954e-01,5.199399999999999578e-01,2.889499999999999846e-01,1.058999999999999941e+00
2.266100000000000059e-01,2.926599999999999757e-01,4.678999999999999826e-01,3.704799999999999760e-01,4.772700000000000276e-01,3.194299999999999917e-01,1.472299999999999942e+00
3.406600000000000183e-01,9.012299999999999478e-02,5.858900000000000219e-01,2.335399999999999976e-01,6.333299999999999486e-01,2.373200000000000032e-01,5.709899999999999975e-01
3.124000000000000110e-01,1.012799999999999950e-01,5.726999999999999869e-01,3.394699999999999940e-01,6.544999999999999707e-01,1.501899999999999902e-01,4.793799999999999728e-01
1.872600000000000098e-01,3.258400000000000185e-01,4.549199999999999910e-01,4.532800000000000162e-01,4.877199999999999869e-01,2.238700000000000134e-01,2.464399999999999924e-01
3.446199999999999819e-01,6.931200000000000208e-03,5.514799999999999702e-01,2.584500000000000131e-01,6.039099999999999469e-01,2.420200000000000129e-01,5.257300000000000167e-02
2.915099999999999913e-01,1.940099999999999880e-01,4.567499999999999893e-01,5.529899999999999816e-01,3.114500000000000046e-01,3.346700000000000230e-01,4.507200000000000095e-01
2.855099999999999860e-01,2.329299999999999982e-01,5.071400000000000352e-01,9.061000000000000165e-01,9.638399999999999745e-02,3.832999999999999741e-01,8.490299999999999514e-01
3.607799999999999896e-01,4.719300000000000030e-05,6.183100000000000263e-01,3.441100000000000270e-01,5.491899999999999560e-01,2.677999999999999825e-01,8.697599999999999776e-01
4.998000000000000220e-01,1.458300000000000048e-02,4.202099999999999724e-01,6.030499999999999750e-01,2.590600000000000125e-01,3.371500000000000052e-01,5.949999999999999734e-01
3.423499999999999877e-01,1.458200000000000052e-01,5.356800000000000450e-01,5.640600000000000058e-01,3.081300000000000150e-01,3.821700000000000097e-01,4.326999999999999735e-01
3.536900000000000044e-01,2.149199999999999999e-01,4.098899999999999766e-01,8.543500000000000538e-01,2.399199999999999944e-01,2.551899999999999724e-01,1.756000000000000005e+00
2.278100000000000125e-01,3.610099999999999976e-01,4.614199999999999968e-01,3.234199999999999853e-01,5.965000000000000302e-01,2.162699999999999900e-01,1.634200000000000097e+00
3.130100000000000104e-01,2.883999999999999897e-01,4.670900000000000052e-01,4.292500000000000204e-01,3.692599999999999771e-01,3.783400000000000096e-01,8.680600000000000538e-01
3.480699999999999905e-01,2.609500000000000153e-01,3.850500000000000034e-01,5.926099999999999701e-01,3.760999999999999899e-01,2.951799999999999979e-01,2.568500000000000227e-01
2.180799999999999961e-01,2.475400000000000100e-01,4.869700000000000140e-01,2.601200000000000179e-01,6.024699999999999500e-01,2.487099999999999866e-01,1.672500000000000098e+00
2.948999999999999955e-01,1.405800000000000105e-01,5.346100000000000296e-01,2.954399999999999804e-01,4.336099999999999954e-01,3.228199999999999958e-01,2.326600000000000057e-01
2.746299999999999852e-01,1.990999999999999992e-01,4.947900000000000076e-01,2.157199999999999951e-01,7.113899999999999668e-01,1.404499999999999915e-01,5.212799999999999656e-01
4.405600000000000072e-01,2.322600000000000012e-02,4.942300000000000026e-01,5.447199999999999820e-01,3.377100000000000102e-01,3.464700000000000002e-01,6.260900000000000354e-01
3.321399999999999908e-01,1.094799999999999940e-01,5.347899999999999876e-01,4.093300000000000272e-01,5.509399999999999853e-01,2.083599999999999897e-01,1.285500000000000087e+00
4.106899999999999995e-01,5.838999999999999746e-02,4.782799999999999829e-01,3.314199999999999924e-01,4.738299999999999734e-01,2.852700000000000236e-01,6.061199999999999921e-01
3.840799999999999770e-01,1.910799999999999998e-01,3.928800000000000070e-01,3.748699999999999810e-01,5.151499999999999968e-01,2.846600000000000241e-01,6.876200000000000090e-01
2.172399999999999887e-01,3.220999999999999974e-01,4.815699999999999981e-01,4.281900000000000150e-01,3.426400000000000001e-01,3.673799999999999844e-01,1.004599999999999937e+00
2.832799999999999763e-01,7.187200000000000533e-02,4.965600000000000014e-01,4.569300000000000028e-01,3.453899999999999748e-01,3.631699999999999928e-01,2.128800000000000137e-01
2.418599999999999917e-01,3.331899999999999862e-01,3.854299999999999948e-01,2.475700000000000123e-01,5.725000000000000089e-01,2.585899999999999865e-01,7.079199999999999937e-01
3.036300000000000110e-01,1.724100000000000077e-01,4.781299999999999994e-01,5.242900000000000338e-01,4.874700000000000144e-01,2.271900000000000031e-01,2.822399999999999909e-01
3.312999999999999834e-01,2.675799999999999845e-01,4.200800000000000090e-01,9.590199999999999836e-01,1.299700000000000022e-01,3.039100000000000135e-01,9.105900000000000105e-01
1.899299999999999877e-01,3.329099999999999837e-01,4.230700000000000016e-01,1.974200000000000121e-01,6.817299999999999471e-01,1.740800000000000125e-01,3.850600000000000134e-01
2.903700000000000170e-01,1.041099999999999942e-01,4.958699999999999775e-01,5.308100000000000041e-01,3.533200000000000229e-01,2.984499999999999931e-01,1.002000000000000002e+00
2.574000000000000177e-01,3.570999999999999730e-01,3.825200000000000267e-01,3.141200000000000103e-01,5.293499999999999872e-01,2.304700000000000082e-01,9.795899999999999608e-01
3.032199999999999895e-01,2.574600000000000222e-01,3.892599999999999949e-01,4.391100000000000003e-01,4.051100000000000256e-01,3.209699999999999775e-01,7.758899999999999686e-01
1.994400000000000062e-01,2.180400000000000116e-01,5.801600000000000090e-01,7.552600000000000424e-01,2.235699999999999910e-01,3.715999999999999859e-01,1.171399999999999997e+00
2.547699999999999965e-01,2.759199999999999986e-01,4.790599999999999858e-01,5.605099999999999527e-01,3.342899999999999761e-01,3.531199999999999894e-01,8.558700000000000196e-01
3.496699999999999808e-01,1.127100000000000046e-01,5.045800000000000285e-01,6.185800000000000187e-01,3.498299999999999743e-01,2.618699999999999917e-01,8.251699999999999591e-01
4.629900000000000126e-01,8.787899999999999878e-02,5.479399999999999826e-01,5.649199999999999777e-01,4.100900000000000101e-01,2.543199999999999905e-01,5.719699999999999784e-01
4.895900000000000252e-01,2.053200000000000164e-02,4.660000000000000253e-01,3.358400000000000274e-01,5.014600000000000168e-01,3.190899999999999848e-01,9.182299999999999907e-01
3.360600000000000254e-01,9.844700000000000673e-02,5.698299999999999477e-01,4.161799999999999944e-01,4.910700000000000065e-01,2.428200000000000081e-01,3.596799999999999997e-02
4.914700000000000180e-01,1.899599999999999900e-02,4.964199999999999724e-01,7.617500000000000382e-01,2.356499999999999984e-01,2.638699999999999934e-01,1.614700000000000024e+00
3.514200000000000101e-01,4.817099999999999854e-02,4.346999999999999753e-01,4.678499999999999881e-01,3.607799999999999896e-01,4.066600000000000215e-01,5.772100000000000009e-01
1.646900000000000031e-01,4.271800000000000042e-01,3.745700000000000141e-01,1.977899999999999936e-01,6.473900000000000210e-01,2.460799999999999932e-01,1.832499999999999928e-03
2.850300000000000056e-01,1.677299999999999902e-01,5.025399999999999867e-01,5.197000000000000508e-01,4.647299999999999764e-01,2.099499999999999977e-01,6.640099999999999891e-01
3.286600000000000077e-01,2.394999999999999907e-01,4.943799999999999861e-01,4.434400000000000008e-01,4.686299999999999910e-01,2.732999999999999874e-01,7.213199999999999612e-01
1.957599999999999896e-01,1.766699999999999937e-01,5.839699999999999891e-01,5.605299999999999727e-01,4.806400000000000117e-01,1.914899999999999936e-01,9.394799999999999818e-01
2.620399999999999952e-01,1.805299999999999960e-01,6.282900000000000151e-01,4.359199999999999742e-01,3.056800000000000073e-01,4.284200000000000230e-01,8.238400000000000167e-01
5.410399999999999654e-01,1.369100000000000004e-02,5.369899999999999674e-01,3.097099999999999853e-01,5.169399999999999551e-01,2.947100000000000275e-01,7.474199999999999733e-01
2.964399999999999813e-01,2.555399999999999894e-01,4.314899999999999847e-01,8.352300000000000280e-01,2.496299999999999908e-01,3.325899999999999967e-01,8.853400000000000158e-01
2.305399999999999949e-01,2.575200000000000267e-01,4.799200000000000133e-01,5.208800000000000097e-01,2.957699999999999774e-01,4.245700000000000029e-01,9.240299999999999903e-02
3.840000000000000080e-01,1.855900000000000050e-01,4.306200000000000028e-01,7.165799999999999947e-01,2.524799999999999822e-01,3.246700000000000141e-01,1.301700000000000079e+00
5.627400000000000180e-01,1.369100000000000039e-01,3.196399999999999797e-01,4.818299999999999805e-01,3.403999999999999804e-01,3.887800000000000145e-01,3.039299999999999780e-01
2.362200000000000133e-01,2.267500000000000071e-01,5.084199999999999831e-01,4.041899999999999937e-01,4.082299999999999818e-01,3.468200000000000172e-01,5.925199999999999911e-02
4.172500000000000098e-01,4.560299999999999770e-02,5.066399999999999793e-01,6.010499999999999732e-01,2.580200000000000271e-01,3.692900000000000071e-01,3.426600000000000201e-01
3.292700000000000071e-01,3.760700000000000154e-01,2.833300000000000263e-01,4.641799999999999815e-01,3.812599999999999878e-01,3.205000000000000071e-01,4.761500000000000177e-01
2.075700000000000045e-01,2.861500000000000155e-01,4.292699999999999849e-01,7.218999999999999861e-01,1.951700000000000101e-01,3.630900000000000238e-01,8.105799999999999672e-01
2.548300000000000010e-01,2.151399999999999979e-01,4.884600000000000053e-01,5.707499999999999796e-01,4.126699999999999813e-01,2.389600000000000057e-01,7.273600000000000065e-01
3.371700000000000252e-01,1.823500000000000121e-01,4.834999999999999853e-01,5.077500000000000346e-01,1.844999999999999973e-01,4.092799999999999772e-01,1.190199999999999925e+00
3.532000000000000139e-01,1.075699999999999920e-02,3.282800000000000162e-01,4.955200000000000160e-01,5.558899999999999952e-01,1.653000000000000025e-01,1.482199999999999962e+00
3.355500000000000149e-01,2.658800000000000052e-01,4.121000000000000218e-01,7.568700000000000427e-01,4.607800000000000229e-01,1.184199999999999975e-01,2.777399999999999869e-01
3.779799999999999827e-01,5.734299999999999814e-02,6.292799999999999505e-01,4.447300000000000142e-01,5.626600000000000490e-01,1.768699999999999994e-01,6.142600000000000282e-01
3.873800000000000021e-01,4.696600000000000080e-02,5.456100000000000394e-01,3.334900000000000087e-01,6.185199999999999587e-01,1.761099999999999888e-01,9.894500000000000517e-01
1.960399999999999920e-01,2.939999999999999836e-01,5.244699999999999918e-01,9.422800000000000065e-01,1.845799999999999941e-01,2.462399999999999867e-01,1.064799999999999969e+00
4.716299999999999937e-01,2.143700000000000119e-02,5.764099999999999779e-01,4.672399999999999887e-01,4.646100000000000230e-01,2.549600000000000199e-01,1.408000000000000050e-02
3.568399999999999905e-01,3.555400000000000227e-02,5.906799999999999828e-01,5.118500000000000272e-01,3.789799999999999836e-01,2.979399999999999826e-01,1.043400000000000105e+00
4.887299999999999978e-01,1.924999999999999975e-02,5.175400000000000000e-01,8.138800000000000479e-01,2.129800000000000026e-01,3.032099999999999795e-01,1.656600000000000072e+00
2.099999999999999922e-01,4.211400000000000143e-01,3.559399999999999786e-01,3.191300000000000248e-01,5.491899999999999560e-01,2.566999999999999837e-01,1.161999999999999922e+00
3.148199999999999887e-01,1.856800000000000117e-01,5.306300000000000461e-01,5.108300000000000063e-01,3.578399999999999914e-01,3.165000000000000036e-01,9.165499999999999758e-01
4.145499999999999741e-01,5.232300000000000145e-02,5.165800000000000392e-01,5.685099999999999598e-01,3.267599999999999949e-01,2.898499999999999965e-01,3.465599999999999792e-01
3.222099999999999964e-01,1.298199999999999910e-01,5.296499999999999542e-01,5.388199999999999656e-01,3.482500000000000040e-01,3.422499999999999987e-01,7.099199999999999955e-01
1.970000000000000084e-01,3.467299999999999827e-01,3.873800000000000021e-01,6.501000000000000112e-01,3.540599999999999858e-01,2.668699999999999961e-01,1.803200000000000083e-04
3.701499999999999790e-01,1.723600000000000132e-01,5.287300000000000333e-01,4.129800000000000137e-01,4.259000000000000008e-01,3.125000000000000000e-01,2.705600000000000227e-01
3.329500000000000237e-01,5.062400000000000233e-02,5.629699999999999704e-01,4.760599999999999832e-01,3.460500000000000242e-01,3.147800000000000042e-01,3.640900000000000247e-01
3.373700000000000032e-01,9.545199999999999518e-02,5.489100000000000090e-01,5.015600000000000058e-01,3.967499999999999916e-01,2.689400000000000124e-01,6.416199999999999681e-01
3.225600000000000134e-01,7.390199999999999547e-02,6.081600000000000339e-01,6.729800000000000226e-01,3.631199999999999983e-01,2.499500000000000055e-01,1.080100000000000060e+00
1.695299999999999863e-01,4.159200000000000119e-01,4.070099999999999829e-01,9.117699999999999694e-01,8.292199999999999571e-02,3.548899999999999832e-01,4.756299999999999972e-01
3.021099999999999897e-01,1.970699999999999952e-01,5.035699999999999621e-01,1.018999999999999906e+00,7.322800000000000142e-02,2.631999999999999895e-01,2.372599999999999987e-01
2.978100000000000191e-01,2.258400000000000130e-01,4.781099999999999794e-01,6.315800000000000303e-01,3.806599999999999984e-01,2.184899999999999898e-01,7.392300000000000537e-01
3.388399999999999745e-01,1.347500000000000087e-01,6.117899999999999450e-01,4.500600000000000156e-01,4.962599999999999789e-01,2.411899999999999877e-01,5.317900000000000025e-05
2.911500000000000199e-01,3.405900000000000039e-01,4.224200000000000177e-01,7.076599999999999557e-01,3.624899999999999789e-01,2.461000000000000132e-01,6.337099999999999955e-01
4.052000000000000046e-01,3.717700000000000171e-02,5.520199999999999552e-01,2.507499999999999729e-01,5.785099999999999687e-01,2.353300000000000114e-01,1.364800000000000013e+00
3.035700000000000065e-01,1.175800000000000040e-01,5.853800000000000114e-01,6.181200000000000028e-01,3.299900000000000055e-01,3.327999999999999847e-01,4.873300000000000250e-05
2.997600000000000264e-01,2.438899999999999957e-01,5.060700000000000198e-01,3.840199999999999725e-01,5.018799999999999928e-01,2.449800000000000033e-01,1.155200000000000005e+00
3.176999999999999824e-01,9.097800000000000331e-02,4.641299999999999870e-01,6.219000000000000083e-01,2.641700000000000159e-01,3.556599999999999762e-01,1.173600000000000060e-01
3.142800000000000038e-01,7.306899999999999507e-02,6.723000000000000087e-01,2.755099999999999771e-01,6.398500000000000298e-01,1.806500000000000050e-01,6.883099999999999774e-01
2.924399999999999777e-01,2.978299999999999836e-01,4.081699999999999773e-01,7.050999999999999490e-01,1.104900000000000049e-01,4.308899999999999952e-01,1.856300000000000061e+00
3.584399999999999809e-01,1.205200000000000021e-01,5.581500000000000350e-01,6.208200000000000385e-01,1.369799999999999907e-01,4.010600000000000276e-01,4.076799999999999868e-01
3.690499999999999892e-01,2.981900000000000106e-01,3.945400000000000018e-01,1.652399999999999980e-01,7.579200000000000381e-01,1.496300000000000130e-01,2.548900000000000055e-01
3.417899999999999827e-01,9.316299999999999581e-02,4.761500000000000177e-01,5.380700000000000482e-01,4.159999999999999809e-01,2.543900000000000050e-01,2.379699999999999871e-01
2.454999999999999960e-01,1.128500000000000059e-01,6.354600000000000248e-01,5.276300000000000434e-01,3.122400000000000175e-01,2.571700000000000097e-01,1.787700000000000067e+00
3.953900000000000192e-01,1.555900000000000061e-01,4.697700000000000209e-01,4.180400000000000227e-01,4.457099999999999951e-01,2.997099999999999764e-01,1.347499999999999920e+00
3.090499999999999914e-01,8.859899999999999720e-02,4.723600000000000021e-01,8.942200000000000149e-01,3.063600000000000212e-01,1.995800000000000074e-01,1.869599999999999873e-01
3.291399999999999881e-01,2.714400000000000146e-01,4.507599999999999940e-01,4.842299999999999938e-01,5.531000000000000361e-01,7.298499999999999432e-02,5.342799999999999772e-01
3.241100000000000092e-01,1.342899999999999927e-01,5.912899999999999823e-01,5.211200000000000276e-01,3.864699999999999802e-01,2.784900000000000153e-01,8.278200000000000003e-01
3.630999999999999783e-01,1.394800000000000033e-02,6.461700000000000221e-01,8.439699999999999980e-02,9.515099999999999669e-01,1.129800000000000032e-03,5.206399999999999917e-02
3.643399999999999972e-01,1.178099999999999981e-01,5.572599999999999776e-01,3.817300000000000137e-01,5.330799999999999983e-01,2.381800000000000028e-01,2.354199999999999904e-01
3.034700000000000175e-01,2.546800000000000175e-01,4.492599999999999927e-01,3.249400000000000066e-01,5.740300000000000402e-01,2.354100000000000081e-01,1.872000000000000108e+00
4.043900000000000272e-01,1.658399999999999874e-01,4.950499999999999901e-01,5.122499999999999831e-01,4.356700000000000017e-01,3.025300000000000211e-01,6.604100000000000248e-02
6.598000000000000531e-01,5.004399999999999821e-02,3.850899999999999879e-01,5.802199999999999580e-01,3.449900000000000189e-01,3.488800000000000234e-01,4.637700000000000156e-01
2.063300000000000134e-01,3.867999999999999772e-01,3.768299999999999983e-01,3.928099999999999925e-01,4.492300000000000182e-01,2.862199999999999744e-01,2.714300000000000046e-01
3.135600000000000054e-01,1.545999999999999874e-01,4.406900000000000261e-01,4.684499999999999775e-01,4.276900000000000146e-01,2.433299999999999907e-01,9.345099999999999518e-01
3.240000000000000102e-01,1.897800000000000042e-01,5.075600000000000112e-01,4.824200000000000155e-01,4.186400000000000121e-01,3.110100000000000087e-01,6.474900000000000100e-01
3.129899999999999904e-01,1.146400000000000058e-01,6.205399999999999805e-01,7.182899999999999840e-01,3.171900000000000275e-01,3.220700000000000229e-01,1.085299999999999931e+00
3.074500000000000011e-01,2.979299999999999726e-01,4.460799999999999765e-01,7.785900000000000043e-01,2.773100000000000009e-01,2.898299999999999765e-01,3.884199999999999875e-01
4.233000000000000096e-01,1.201500000000000068e-01,4.078399999999999803e-01,5.738699999999999912e-01,3.911499999999999977e-01,2.823999999999999844e-01,2.661200000000000232e-01
3.248400000000000176e-01,1.664700000000000069e-01,3.599100000000000077e-01,5.678199999999999914e-01,5.695299999999999807e-01,6.707299999999999374e-02,1.641299999999999981e+00
2.053500000000000048e-01,3.703400000000000025e-01,3.760999999999999899e-01,3.113600000000000256e-01,4.580099999999999727e-01,3.437999999999999945e-01,5.029799999999999827e-01
4.987199999999999966e-01,7.260899999999999549e-05,4.411200000000000121e-01,4.235099999999999976e-01,4.860200000000000076e-01,2.425700000000000078e-01,1.574500000000000011e+00
3.633899999999999908e-01,1.837699999999999889e-01,4.117199999999999749e-01,3.511199999999999877e-01,5.999600000000000488e-01,1.883100000000000052e-01,5.994300000000000184e-01
2.582599999999999896e-01,2.226299999999999946e-01,5.171499999999999986e-01,2.962699999999999778e-01,5.257600000000000051e-01,3.184500000000000108e-01,6.551899999999999391e-02
3.972700000000000120e-01,1.126299999999999940e-01,5.821600000000000108e-01,5.867099999999999538e-01,4.076400000000000023e-01,3.034499999999999975e-01,1.235200000000000048e-01
2.384900000000000075e-01,2.840599999999999792e-01,4.575899999999999967e-01,4.964799999999999769e-01,4.430299999999999794e-01,2.678099999999999925e-01,1.235800000000000010e+00
3.585900000000000198e-01,1.997400000000000009e-01,5.409100000000000019e-01,5.119899999999999451e-01,4.269600000000000062e-01,3.016599999999999837e-01,8.445699999999999453e-05
2.150499999999999912e-01,2.433500000000000107e-01,5.389699999999999491e-01,5.695099999999999607e-01,3.630700000000000038e-01,2.933499999999999996e-01,1.802300000000000013e+00
2.844800000000000106e-01,1.964200000000000113e-01,4.695199999999999929e-01,8.365200000000000413e-01,5.080200000000000271e-01,1.602999999999999911e-02,1.196099999999999941e+00
