1.999700000000000033e+00,6.078700000000000214e-01,1.176600000000000007e-01,8.799799999999999844e-01,3.198400000000000132e-01,1.015299999999999953e-01,1.747600000000000042e+00
2.000000000000000000e+00,6.078400000000000469e-01,1.176600000000000007e-01,8.800900000000000389e-01,3.197999999999999732e-01,1.015100000000000030e-01,1.749100000000000099e+00
2.000000000000000000e+00,6.078400000000000469e-01,1.176600000000000007e-01,8.801099999999999479e-01,3.197900000000000187e-01,1.015100000000000030e-01,1.749100000000000099e+00
2.000000000000000000e+00,6.078400000000000469e-01,1.176600000000000007e-01,8.800499999999999989e-01,3.198199999999999932e-01,1.015100000000000030e-01,1.749000000000000110e+00
2.000000000000000000e+00,6.078400000000000469e-01,1.176600000000000007e-01,8.801099999999999479e-01,3.197900000000000187e-01,1.015100000000000030e-01,1.749100000000000099e+00
1.998599999999999932e+00,6.080400000000000249e-01,1.176299999999999985e-01,8.790700000000000180e-01,3.202800000000000091e-01,1.015999999999999959e-01,1.742599999999999927e+00
2.000000000000000000e+00,6.078400000000000469e-01,1.176500000000000046e-01,8.800900000000000389e-01,3.197900000000000187e-01,1.015100000000000030e-01,1.749000000000000110e+00
1.998599999999999932e+00,6.079900000000000304e-01,1.176900000000000029e-01,8.735100000000000087e-01,3.242200000000000082e-01,1.013000000000000012e-01,1.742799999999999905e+00
1.999900000000000011e+00,6.078400000000000469e-01,1.176699999999999968e-01,8.799400000000000555e-01,3.198599999999999777e-01,1.015299999999999953e-01,1.747700000000000031e+00
1.998699999999999921e+00,6.080400000000000249e-01,1.176399999999999946e-01,8.793499999999999650e-01,3.200399999999999912e-01,1.016500000000000042e-01,1.741400000000000059e+00
1.999900000000000011e+00,6.078799999999999759e-01,1.176299999999999985e-01,8.797500000000000320e-01,3.199199999999999822e-01,1.015899999999999997e-01,1.747200000000000086e+00
1.999900000000000011e+00,6.078400000000000469e-01,1.176600000000000007e-01,8.800799999999999734e-01,3.197999999999999732e-01,1.015100000000000030e-01,1.748799999999999910e+00
2.000000000000000000e+00,6.078400000000000469e-01,1.176600000000000007e-01,8.801099999999999479e-01,3.197900000000000187e-01,1.015100000000000030e-01,1.749100000000000099e+00
2.000000000000000000e+00,6.078400000000000469e-01,1.176600000000000007e-01,8.801099999999999479e-01,3.197900000000000187e-01,1.015100000000000030e-01,1.749100000000000099e+00
1.998699999999999921e+00,6.080100000000000504e-01,1.176699999999999968e-01,8.798099999999999810e-01,3.197699999999999987e-01,1.016299999999999981e-01,1.741300000000000070e+00
1.999900000000000011e+00,6.078400000000000469e-01,1.176600000000000007e-01,8.800900000000000389e-01,3.197999999999999732e-01,1.015100000000000030e-01,1.748799999999999910e+00
2.000000000000000000e+00,6.078400000000000469e-01,1.176600000000000007e-01,8.801099999999999479e-01,3.197900000000000187e-01,1.015100000000000030e-01,1.749100000000000099e+00
1.998699999999999921e+00,6.080200000000000049e-01,1.176500000000000046e-01,8.796800000000000175e-01,3.198500000000000232e-01,1.016399999999999942e-01,1.741500000000000048e+00
2.000000000000000000e+00,6.078400000000000469e-01,1.176600000000000007e-01,8.800000000000000044e-01,3.198599999999999777e-01,1.015100000000000030e-01,1.748899999999999899e+00
2.000000000000000000e+00,6.078400000000000469e-01,1.176600000000000007e-01,8.801099999999999479e-01,3.197900000000000187e-01,1.015100000000000030e-01,1.749000000000000110e+00
1.999900000000000011e+00,6.078400000000000469e-01,1.176600000000000007e-01,8.800700000000000189e-01,3.198099999999999832e-01,1.015100000000000030e-01,1.748799999999999910e+00
1.998699999999999921e+00,6.080400000000000249e-01,1.176399999999999946e-01,8.796199999999999575e-01,3.198599999999999777e-01,1.016399999999999942e-01,1.740199999999999969e+00
1.999900000000000011e+00,6.078400000000000469e-01,1.176600000000000007e-01,8.800700000000000189e-01,3.197999999999999732e-01,1.015199999999999991e-01,1.748899999999999899e+00
1.998699999999999921e+00,6.080100000000000504e-01,1.176699999999999968e-01,8.794800000000000395e-01,3.199299999999999922e-01,1.016600000000000004e-01,1.740299999999999958e+00
2.000000000000000000e+00,6.078400000000000469e-01,1.176600000000000007e-01,8.801099999999999479e-01,3.197900000000000187e-01,1.015100000000000030e-01,1.749100000000000099e+00
1.999900000000000011e+00,6.078799999999999759e-01,1.176399999999999946e-01,8.796899999999999720e-01,3.199600000000000222e-01,1.015699999999999936e-01,1.747500000000000053e+00
1.998599999999999932e+00,6.079900000000000304e-01,1.176800000000000068e-01,8.788700000000000401e-01,3.204799999999999871e-01,1.015500000000000014e-01,1.743700000000000028e+00
2.000000000000000000e+00,6.078400000000000469e-01,1.176600000000000007e-01,8.801099999999999479e-01,3.197900000000000187e-01,1.015100000000000030e-01,1.749100000000000099e+00
2.000000000000000000e+00,6.078400000000000469e-01,1.176600000000000007e-01,8.801099999999999479e-01,3.197900000000000187e-01,1.015100000000000030e-01,1.749000000000000110e+00
2.000000000000000000e+00,6.078400000000000469e-01,1.176600000000000007e-01,8.801099999999999479e-01,3.197900000000000187e-01,1.015100000000000030e-01,1.749100000000000099e+00
2.000000000000000000e+00,6.078400000000000469e-01,1.176600000000000007e-01,8.795800000000000285e-01,3.201600000000000001e-01,1.014700000000000046e-01,1.749200000000000088e+00
2.000000000000000000e+00,6.078400000000000469e-01,1.176600000000000007e-01,8.800799999999999734e-01,3.198099999999999832e-01,1.015100000000000030e-01,1.749000000000000110e+00
2.000000000000000000e+00,6.078400000000000469e-01,1.176600000000000007e-01,8.801099999999999479e-01,3.197900000000000187e-01,1.015100000000000030e-01,1.749100000000000099e+00
2.000000000000000000e+00,6.078400000000000469e-01,1.176600000000000007e-01,8.801099999999999479e-01,3.197900000000000187e-01,1.015100000000000030e-01,1.749100000000000099e+00
2.000000000000000000e+00,6.078400000000000469e-01,1.176600000000000007e-01,8.800999999999999934e-01,3.197900000000000187e-01,1.015100000000000030e-01,1.748799999999999910e+00
2.000000000000000000e+00,6.078400000000000469e-01,1.176600000000000007e-01,8.801099999999999479e-01,3.197900000000000187e-01,1.015100000000000030e-01,1.749100000000000099e+00
2.000000000000000000e+00,6.078400000000000469e-01,1.176600000000000007e-01,8.801099999999999479e-01,3.197900000000000187e-01,1.015100000000000030e-01,1.749100000000000099e+00
2.000000000000000000e+00,6.078400000000000469e-01,1.176600000000000007e-01,8.801099999999999479e-01,3.197900000000000187e-01,1.015100000000000030e-01,1.749100000000000099e+00
2.000000000000000000e+00,6.078400000000000469e-01,1.176600000000000007e-01,8.801099999999999479e-01,3.197900000000000187e-01,1.015100000000000030e-01,1.749100000000000099e+00
2.000000000000000000e+00,6.078400000000000469e-01,1.176600000000000007e-01,8.801099999999999479e-01,3.197900000000000187e-01,1.015100000000000030e-01,1.749100000000000099e+00
1.999900000000000011e+00,6.078400000000000469e-01,1.176600000000000007e-01,8.800999999999999934e-01,3.197900000000000187e-01,1.015100000000000030e-01,1.748799999999999910e+00
2.000000000000000000e+00,6.078400000000000469e-01,1.176600000000000007e-01,8.801099999999999479e-01,3.197900000000000187e-01,1.015100000000000030e-01,1.749100000000000099e+00
1.998699999999999921e+00,6.079900000000000304e-01,1.176800000000000068e-01,8.789700000000000291e-01,3.203699999999999881e-01,1.015800000000000036e-01,1.741300000000000070e+00
1.998699999999999921e+00,6.080799999999999539e-01,1.175900000000000001e-01,8.790099999999999580e-01,3.202099999999999946e-01,1.017499999999999932e-01,1.742599999999999927e+00
2.000000000000000000e+00,6.078400000000000469e-01,1.176500000000000046e-01,8.800400000000000444e-01,3.198300000000000032e-01,1.015100000000000030e-01,1.748899999999999899e+00
1.998699999999999921e+00,6.079900000000000304e-01,1.176900000000000029e-01,8.797099999999999920e-01,3.198799999999999977e-01,1.016100000000000059e-01,1.741900000000000004e+00
2.000000000000000000e+00,6.078400000000000469e-01,1.176600000000000007e-01,8.801099999999999479e-01,3.197900000000000187e-01,1.015100000000000030e-01,1.749000000000000110e+00
2.000000000000000000e+00,6.078400000000000469e-01,1.176600000000000007e-01,8.801099999999999479e-01,3.197900000000000187e-01,1.015100000000000030e-01,1.749100000000000099e+00
2.000000000000000000e+00,6.078400000000000469e-01,1.176600000000000007e-01,8.800599999999999534e-01,3.198199999999999932e-01,1.015100000000000030e-01,1.748799999999999910e+00
2.000000000000000000e+00,6.078400000000000469e-01,1.176600000000000007e-01,8.800299999999999789e-01,3.198300000000000032e-01,1.015199999999999991e-01,1.748899999999999899e+00
1.999900000000000011e+00,6.078400000000000469e-01,1.176600000000000007e-01,8.800900000000000389e-01,3.197999999999999732e-01,1.015100000000000030e-01,1.748799999999999910e+00
1.999900000000000011e+00,6.078400000000000469e-01,1.176600000000000007e-01,8.800900000000000389e-01,3.197900000000000187e-01,1.015100000000000030e-01,1.748799999999999910e+00
1.999900000000000011e+00,6.078500000000000014e-01,1.176600000000000007e-01,8.800299999999999789e-01,3.197900000000000187e-01,1.015299999999999953e-01,1.747100000000000097e+00
2.000000000000000000e+00,6.078400000000000469e-01,1.176600000000000007e-01,8.800799999999999734e-01,3.198099999999999832e-01,1.015100000000000030e-01,1.748899999999999899e+00
2.000000000000000000e+00,6.078299999999999814e-01,1.176600000000000007e-01,8.799500000000000099e-01,3.198900000000000077e-01,1.015100000000000030e-01,1.749000000000000110e+00
2.000000000000000000e+00,6.078400000000000469e-01,1.176600000000000007e-01,8.800999999999999934e-01,3.197999999999999732e-01,1.015100000000000030e-01,1.749100000000000099e+00
2.000000000000000000e+00,6.078500000000000014e-01,1.176399999999999946e-01,8.800400000000000444e-01,3.198300000000000032e-01,1.015100000000000030e-01,1.748799999999999910e+00
1.999900000000000011e+00,6.078299999999999814e-01,1.176800000000000068e-01,8.795500000000000540e-01,3.200799999999999756e-01,1.015299999999999953e-01,1.745999999999999996e+00
1.999800000000000022e+00,6.078500000000000014e-01,1.176600000000000007e-01,8.777099999999999902e-01,3.215100000000000180e-01,1.013300000000000034e-01,1.748299999999999965e+00
2.000000000000000000e+00,6.078400000000000469e-01,1.176600000000000007e-01,8.800999999999999934e-01,3.197999999999999732e-01,1.015100000000000030e-01,1.749000000000000110e+00
2.000000000000000000e+00,6.078400000000000469e-01,1.176600000000000007e-01,8.800999999999999934e-01,3.197900000000000187e-01,1.015100000000000030e-01,1.749000000000000110e+00
2.000000000000000000e+00,6.078400000000000469e-01,1.176600000000000007e-01,8.801099999999999479e-01,3.197900000000000187e-01,1.015100000000000030e-01,1.749100000000000099e+00
1.999900000000000011e+00,6.078500000000000014e-01,1.176600000000000007e-01,8.800099999999999589e-01,3.198500000000000232e-01,1.015100000000000030e-01,1.748799999999999910e+00
2.000000000000000000e+00,6.078400000000000469e-01,1.176600000000000007e-01,8.801099999999999479e-01,3.197900000000000187e-01,1.015100000000000030e-01,1.749100000000000099e+00
2.000000000000000000e+00,6.078400000000000469e-01,1.176600000000000007e-01,8.801099999999999479e-01,3.197900000000000187e-01,1.015100000000000030e-01,1.749100000000000099e+00
1.999900000000000011e+00,6.078400000000000469e-01,1.176699999999999968e-01,8.800900000000000389e-01,3.197699999999999987e-01,1.015299999999999953e-01,1.747700000000000031e+00
1.998699999999999921e+00,6.080200000000000049e-01,1.176600000000000007e-01,8.795800000000000285e-01,3.199500000000000122e-01,1.016200000000000020e-01,1.742099999999999982e+00
2.000000000000000000e+00,6.078400000000000469e-01,1.176600000000000007e-01,8.801099999999999479e-01,3.197900000000000187e-01,1.015100000000000030e-01,1.749100000000000099e+00
1.999900000000000011e+00,6.078700000000000214e-01,1.176399999999999946e-01,8.786699999999999511e-01,3.207900000000000196e-01,1.014400000000000024e-01,1.748599999999999932e+00
2.000000000000000000e+00,6.078400000000000469e-01,1.176600000000000007e-01,8.801099999999999479e-01,3.197900000000000187e-01,1.015100000000000030e-01,1.749000000000000110e+00
1.998699999999999921e+00,6.080299999999999594e-01,1.176500000000000046e-01,8.794899999999999940e-01,3.199699999999999767e-01,1.016299999999999981e-01,1.741400000000000059e+00
2.000000000000000000e+00,6.078400000000000469e-01,1.176600000000000007e-01,8.800799999999999734e-01,3.198099999999999832e-01,1.015100000000000030e-01,1.749000000000000110e+00
2.000000000000000000e+00,6.078400000000000469e-01,1.176600000000000007e-01,8.801099999999999479e-01,3.197900000000000187e-01,1.015100000000000030e-01,1.749100000000000099e+00
2.000000000000000000e+00,6.078400000000000469e-01,1.176600000000000007e-01,8.801099999999999479e-01,3.197900000000000187e-01,1.015100000000000030e-01,1.749100000000000099e+00
1.999900000000000011e+00,6.078400000000000469e-01,1.176600000000000007e-01,8.800700000000000189e-01,3.198199999999999932e-01,1.015100000000000030e-01,1.748799999999999910e+00
2.000000000000000000e+00,6.078400000000000469e-01,1.176600000000000007e-01,8.801099999999999479e-01,3.197900000000000187e-01,1.015100000000000030e-01,1.749100000000000099e+00
1.998699999999999921e+00,6.080100000000000504e-01,1.176600000000000007e-01,8.792400000000000215e-01,3.201100000000000056e-01,1.016200000000000020e-01,1.741000000000000103e+00
1.999900000000000011e+00,6.078400000000000469e-01,1.176600000000000007e-01,8.800200000000000244e-01,3.198300000000000032e-01,1.015199999999999991e-01,1.748799999999999910e+00
2.000000000000000000e+00,6.078400000000000469e-01,1.176600000000000007e-01,8.801099999999999479e-01,3.197900000000000187e-01,1.015100000000000030e-01,1.749100000000000099e+00
2.000000000000000000e+00,6.078400000000000469e-01,1.176600000000000007e-01,8.800000000000000044e-01,3.198599999999999777e-01,1.015100000000000030e-01,1.748899999999999899e+00
2.000000000000000000e+00,6.078400000000000469e-01,1.176600000000000007e-01,8.800999999999999934e-01,3.197900000000000187e-01,1.015100000000000030e-01,1.749000000000000110e+00
1.999700000000000033e+00,6.078700000000000214e-01,1.176600000000000007e-01,8.798300000000000010e-01,3.199500000000000122e-01,1.015199999999999991e-01,1.747700000000000031e+00
1.999900000000000011e+00,6.078500000000000014e-01,1.176600000000000007e-01,8.796100000000000030e-01,3.201399999999999801e-01,1.014700000000000046e-01,1.748599999999999932e+00
1.999900000000000011e+00,6.078400000000000469e-01,1.176600000000000007e-01,8.800299999999999789e-01,3.197999999999999732e-01,1.015400000000000053e-01,1.747999999999999998e+00
2.000000000000000000e+00,6.078400000000000469e-01,1.176600000000000007e-01,8.801099999999999479e-01,3.197900000000000187e-01,1.015100000000000030e-01,1.749000000000000110e+00
2.000000000000000000e+00,6.078400000000000469e-01,1.176500000000000046e-01,8.798700000000000410e-01,3.199299999999999922e-01,1.015100000000000030e-01,1.748899999999999899e+00
2.000000000000000000e+00,6.078400000000000469e-01,1.176600000000000007e-01,8.800900000000000389e-01,3.197999999999999732e-01,1.015100000000000030e-01,1.748899999999999899e+00
1.998699999999999921e+00,6.080200000000000049e-01,1.176600000000000007e-01,8.790700000000000180e-01,3.203099999999999836e-01,1.015500000000000014e-01,1.740599999999999925e+00
2.000000000000000000e+00,6.078400000000000469e-01,1.176600000000000007e-01,8.801099999999999479e-01,3.197900000000000187e-01,1.015100000000000030e-01,1.749100000000000099e+00
2.000000000000000000e+00,6.078400000000000469e-01,1.176600000000000007e-01,8.801099999999999479e-01,3.197900000000000187e-01,1.015100000000000030e-01,1.749100000000000099e+00
2.000000000000000000e+00,6.078400000000000469e-01,1.176600000000000007e-01,8.801099999999999479e-01,3.197900000000000187e-01,1.015100000000000030e-01,1.749100000000000099e+00
1.999700000000000033e+00,6.078599999999999559e-01,1.176600000000000007e-01,8.798799999999999955e-01,3.199199999999999822e-01,1.015100000000000030e-01,1.747999999999999998e+00
2.000000000000000000e+00,6.078400000000000469e-01,1.176600000000000007e-01,8.801099999999999479e-01,3.197900000000000187e-01,1.015100000000000030e-01,1.749100000000000099e+00
2.000000000000000000e+00,6.078400000000000469e-01,1.176600000000000007e-01,8.800900000000000389e-01,3.197999999999999732e-01,1.015100000000000030e-01,1.749100000000000099e+00
2.000000000000000000e+00,6.078400000000000469e-01,1.176600000000000007e-01,8.801099999999999479e-01,3.197900000000000187e-01,1.015100000000000030e-01,1.749100000000000099e+00
1.998699999999999921e+00,6.079900000000000304e-01,1.176800000000000068e-01,8.795699999999999630e-01,3.199400000000000022e-01,1.016299999999999981e-01,1.741000000000000103e+00
2.000000000000000000e+00,6.078400000000000469e-01,1.176600000000000007e-01,8.801099999999999479e-01,3.197900000000000187e-01,1.015100000000000030e-01,1.749100000000000099e+00
2.000000000000000000e+00,6.078400000000000469e-01,1.176600000000000007e-01,8.801099999999999479e-01,3.197900000000000187e-01,1.015100000000000030e-01,1.749100000000000099e+00
2.000000000000000000e+00,6.078400000000000469e-01,1.176600000000000007e-01,8.800900000000000389e-01,3.197900000000000187e-01,1.015199999999999991e-01,1.748899999999999899e+00
2.000000000000000000e+00,6.078400000000000469e-01,1.176600000000000007e-01,8.801099999999999479e-01,3.197900000000000187e-01,1.015100000000000030e-01,1.749000000000000110e+00
1.999900000000000011e+00,6.078500000000000014e-01,1.176500000000000046e-01,8.799500000000000099e-01,3.198799999999999977e-01,1.015199999999999991e-01,1.747900000000000009e+00
1.998699999999999921e+00,6.080299999999999594e-01,1.176500000000000046e-01,8.797199999999999465e-01,3.198500000000000232e-01,1.016299999999999981e-01,1.741500000000000048e+00
2.000000000000000000e+00,6.078400000000000469e-01,1.176600000000000007e-01,8.800900000000000389e-01,3.197999999999999732e-01,1.015100000000000030e-01,1.749000000000000110e+00
1.999800000000000022e+00,6.078400000000000469e-01,1.176800000000000068e-01,8.752699999999999925e-01,3.231499999999999928e-01,1.012600000000000028e-01,1.747300000000000075e+00
2.000000000000000000e+00,6.078400000000000469e-01,1.176600000000000007e-01,8.801099999999999479e-01,3.197900000000000187e-01,1.015100000000000030e-01,1.749000000000000110e+00
2.000000000000000000e+00,6.078400000000000469e-01,1.176600000000000007e-01,8.801099999999999479e-01,3.197900000000000187e-01,1.015100000000000030e-01,1.749100000000000099e+00
2.000000000000000000e+00,6.078400000000000469e-01,1.176600000000000007e-01,8.800999999999999934e-01,3.197900000000000187e-01,1.015100000000000030e-01,1.749000000000000110e+00
2.000000000000000000e+00,6.078400000000000469e-01,1.176600000000000007e-01,8.800000000000000044e-01,3.198400000000000132e-01,1.015299999999999953e-01,1.749100000000000099e+00
1.999900000000000011e+00,6.078500000000000014e-01,1.176600000000000007e-01,8.799400000000000555e-01,3.198799999999999977e-01,1.014800000000000008e-01,1.748199999999999976e+00
2.000000000000000000e+00,6.078400000000000469e-01,1.176600000000000007e-01,8.800099999999999589e-01,3.198500000000000232e-01,1.015100000000000030e-01,1.748899999999999899e+00
2.000000000000000000e+00,6.078400000000000469e-01,1.176600000000000007e-01,8.801099999999999479e-01,3.197900000000000187e-01,1.015100000000000030e-01,1.749100000000000099e+00
2.000000000000000000e+00,6.078400000000000469e-01,1.176600000000000007e-01,8.801099999999999479e-01,3.197900000000000187e-01,1.015100000000000030e-01,1.749000000000000110e+00
1.998599999999999932e+00,6.080299999999999594e-01,1.176500000000000046e-01,8.796000000000000485e-01,3.199699999999999767e-01,1.015899999999999997e-01,1.743000000000000105e+00
2.000000000000000000e+00,6.078400000000000469e-01,1.176600000000000007e-01,8.801099999999999479e-01,3.197900000000000187e-01,1.015100000000000030e-01,1.749100000000000099e+00
2.000000000000000000e+00,6.078400000000000469e-01,1.176600000000000007e-01,8.800999999999999934e-01,3.197900000000000187e-01,1.015100000000000030e-01,1.749100000000000099e+00
2.000000000000000000e+00,6.078400000000000469e-01,1.176500000000000046e-01,8.800900000000000389e-01,3.197900000000000187e-01,1.015199999999999991e-01,1.748799999999999910e+00
2.000000000000000000e+00,6.078400000000000469e-01,1.176600000000000007e-01,8.801099999999999479e-01,3.197900000000000187e-01,1.015100000000000030e-01,1.749000000000000110e+00
1.998699999999999921e+00,6.079900000000000304e-01,1.176800000000000068e-01,8.797099999999999920e-01,3.198199999999999932e-01,1.016699999999999965e-01,1.742299999999999960e+00
2.000000000000000000e+00,6.078400000000000469e-01,1.176600000000000007e-01,8.801099999999999479e-01,3.197900000000000187e-01,1.015100000000000030e-01,1.749100000000000099e+00
1.998699999999999921e+00,6.079900000000000304e-01,1.176800000000000068e-01,8.795300000000000340e-01,3.199799999999999867e-01,1.015800000000000036e-01,1.741000000000000103e+00
2.000000000000000000e+00,6.078400000000000469e-01,1.176600000000000007e-01,8.801099999999999479e-01,3.197900000000000187e-01,1.015100000000000030e-01,1.749000000000000110e+00
1.998699999999999921e+00,6.079999999999999849e-01,1.176699999999999968e-01,8.797700000000000520e-01,3.198599999999999777e-01,1.015999999999999959e-01,1.743300000000000072e+00
1.998699999999999921e+00,6.080200000000000049e-01,1.176600000000000007e-01,8.793199999999999905e-01,3.200999999999999956e-01,1.016100000000000059e-01,1.740299999999999958e+00
2.000000000000000000e+00,6.078400000000000469e-01,1.176600000000000007e-01,8.801099999999999479e-01,3.197900000000000187e-01,1.015100000000000030e-01,1.749000000000000110e+00
2.000000000000000000e+00,6.078400000000000469e-01,1.176600000000000007e-01,8.801099999999999479e-01,3.197900000000000187e-01,1.015100000000000030e-01,1.749100000000000099e+00
1.999900000000000011e+00,6.078500000000000014e-01,1.176600000000000007e-01,8.800400000000000444e-01,3.198199999999999932e-01,1.015199999999999991e-01,1.748799999999999910e+00
1.998599999999999932e+00,6.080299999999999594e-01,1.176600000000000007e-01,8.794800000000000395e-01,3.199600000000000222e-01,1.016200000000000020e-01,1.738599999999999923e+00
1.999900000000000011e+00,6.078500000000000014e-01,1.176600000000000007e-01,8.800700000000000189e-01,3.197999999999999732e-01,1.015100000000000030e-01,1.748799999999999910e+00
2.000000000000000000e+00,6.078400000000000469e-01,1.176500000000000046e-01,8.799900000000000500e-01,3.198599999999999777e-01,1.015100000000000030e-01,1.748899999999999899e+00
2.000000000000000000e+00,6.078400000000000469e-01,1.176600000000000007e-01,8.801099999999999479e-01,3.197900000000000187e-01,1.015100000000000030e-01,1.749000000000000110e+00
2.000000000000000000e+00,6.078400000000000469e-01,1.176600000000000007e-01,8.801099999999999479e-01,3.197900000000000187e-01,1.015100000000000030e-01,1.749100000000000099e+00
1.999900000000000011e+00,6.078500000000000014e-01,1.176600000000000007e-01,8.799599999999999644e-01,3.198799999999999977e-01,1.015000000000000069e-01,1.747999999999999998e+00
2.000000000000000000e+00,6.078400000000000469e-01,1.176600000000000007e-01,8.801099999999999479e-01,3.197900000000000187e-01,1.015100000000000030e-01,1.749100000000000099e+00
2.000000000000000000e+00,6.078400000000000469e-01,1.176600000000000007e-01,8.801099999999999479e-01,3.197900000000000187e-01,1.015100000000000030e-01,1.749000000000000110e+00
1.999900000000000011e+00,6.078500000000000014e-01,1.176600000000000007e-01,8.798300000000000010e-01,3.199400000000000022e-01,1.015100000000000030e-01,1.747100000000000097e+00
1.999900000000000011e+00,6.078599999999999559e-01,1.176500000000000046e-01,8.798000000000000265e-01,3.199500000000000122e-01,1.015299999999999953e-01,1.746899999999999897e+00
1.999900000000000011e+00,6.078599999999999559e-01,1.176500000000000046e-01,8.797300000000000120e-01,3.199899999999999967e-01,1.015100000000000030e-01,1.747700000000000031e+00
1.999700000000000033e+00,6.078700000000000214e-01,1.176600000000000007e-01,8.799799999999999844e-01,3.198500000000000232e-01,1.015299999999999953e-01,1.747700000000000031e+00
1.998599999999999932e+00,6.080299999999999594e-01,1.176500000000000046e-01,8.795100000000000140e-01,3.199799999999999867e-01,1.016200000000000020e-01,1.741200000000000081e+00
1.999900000000000011e+00,6.078400000000000469e-01,1.176600000000000007e-01,8.800799999999999734e-01,3.197999999999999732e-01,1.015100000000000030e-01,1.748799999999999910e+00
2.000000000000000000e+00,6.078400000000000469e-01,1.176600000000000007e-01,8.801099999999999479e-01,3.197900000000000187e-01,1.015100000000000030e-01,1.749100000000000099e+00
1.998699999999999921e+00,6.079900000000000304e-01,1.176900000000000029e-01,8.792900000000000160e-01,3.201300000000000257e-01,1.016200000000000020e-01,1.741000000000000103e+00
1.998699999999999921e+00,6.079799999999999649e-01,1.176900000000000029e-01,8.796500000000000430e-01,3.198199999999999932e-01,1.016500000000000042e-01,1.741600000000000037e+00
1.999700000000000033e+00,6.078599999999999559e-01,1.176699999999999968e-01,8.798700000000000410e-01,3.199000000000000177e-01,1.015299999999999953e-01,1.747600000000000042e+00
1.999700000000000033e+00,6.078700000000000214e-01,1.176600000000000007e-01,8.800299999999999789e-01,3.198099999999999832e-01,1.015299999999999953e-01,1.747800000000000020e+00
2.000000000000000000e+00,6.078400000000000469e-01,1.176600000000000007e-01,8.801099999999999479e-01,3.197900000000000187e-01,1.015100000000000030e-01,1.749100000000000099e+00
1.999900000000000011e+00,6.078400000000000469e-01,1.176699999999999968e-01,8.799299999999999899e-01,3.198900000000000077e-01,1.014899999999999969e-01,1.748199999999999976e+00
1.999900000000000011e+00,6.078400000000000469e-01,1.176600000000000007e-01,8.799900000000000500e-01,3.198699999999999877e-01,1.015000000000000069e-01,1.748799999999999910e+00
1.999900000000000011e+00,6.078400000000000469e-01,1.176600000000000007e-01,8.800900000000000389e-01,3.197900000000000187e-01,1.015100000000000030e-01,1.748799999999999910e+00
2.000000000000000000e+00,6.078400000000000469e-01,1.176600000000000007e-01,8.801099999999999479e-01,3.197900000000000187e-01,1.015100000000000030e-01,1.749000000000000110e+00
2.000000000000000000e+00,6.078299999999999814e-01,1.176600000000000007e-01,8.799299999999999899e-01,3.198900000000000077e-01,1.015299999999999953e-01,1.749000000000000110e+00
2.000000000000000000e+00,6.078400000000000469e-01,1.176600000000000007e-01,8.801099999999999479e-01,3.197900000000000187e-01,1.015100000000000030e-01,1.749100000000000099e+00
1.998599999999999932e+00,6.080400000000000249e-01,1.176399999999999946e-01,8.794399999999999995e-01,3.200700000000000212e-01,1.015899999999999997e-01,1.742499999999999938e+00
2.000000000000000000e+00,6.078400000000000469e-01,1.176600000000000007e-01,8.801099999999999479e-01,3.197900000000000187e-01,1.015100000000000030e-01,1.749100000000000099e+00
2.000000000000000000e+00,6.078400000000000469e-01,1.176600000000000007e-01,8.801099999999999479e-01,3.197900000000000187e-01,1.015100000000000030e-01,1.749100000000000099e+00
2.000000000000000000e+00,6.078400000000000469e-01,1.176600000000000007e-01,8.801099999999999479e-01,3.197900000000000187e-01,1.015100000000000030e-01,1.749100000000000099e+00
2.000000000000000000e+00,6.078400000000000469e-01,1.176600000000000007e-01,8.800700000000000189e-01,3.198099999999999832e-01,1.015100000000000030e-01,1.748899999999999899e+00
1.998699999999999921e+00,6.079999999999999849e-01,1.176699999999999968e-01,8.797199999999999465e-01,3.198799999999999977e-01,1.016100000000000059e-01,1.743100000000000094e+00
1.998699999999999921e+00,6.079999999999999849e-01,1.176699999999999968e-01,8.797700000000000520e-01,3.198500000000000232e-01,1.016100000000000059e-01,1.743100000000000094e+00
2.000000000000000000e+00,6.078400000000000469e-01,1.176600000000000007e-01,8.799900000000000500e-01,3.198699999999999877e-01,1.015100000000000030e-01,1.748899999999999899e+00
2.000000000000000000e+00,6.078400000000000469e-01,1.176500000000000046e-01,8.800900000000000389e-01,3.197699999999999987e-01,1.015400000000000053e-01,1.749000000000000110e+00
1.998699999999999921e+00,6.079999999999999849e-01,1.176800000000000068e-01,8.796500000000000430e-01,3.198500000000000232e-01,1.016500000000000042e-01,1.740499999999999936e+00
2.000000000000000000e+00,6.078400000000000469e-01,1.176600000000000007e-01,8.801099999999999479e-01,3.197900000000000187e-01,1.015100000000000030e-01,1.749100000000000099e+00
2.000000000000000000e+00,6.078400000000000469e-01,1.176600000000000007e-01,8.801099999999999479e-01,3.197900000000000187e-01,1.015100000000000030e-01,1.749100000000000099e+00
2.000000000000000000e+00,6.078400000000000469e-01,1.176600000000000007e-01,8.799000000000000155e-01,3.199100000000000277e-01,1.015000000000000069e-01,1.748699999999999921e+00
1.998599999999999932e+00,6.080100000000000504e-01,1.176699999999999968e-01,8.797000000000000375e-01,3.198699999999999877e-01,1.016200000000000020e-01,1.742299999999999960e+00
2.000000000000000000e+00,6.078400000000000469e-01,1.176600000000000007e-01,8.801099999999999479e-01,3.197900000000000187e-01,1.015100000000000030e-01,1.749100000000000099e+00
1.998699999999999921e+00,6.079999999999999849e-01,1.176699999999999968e-01,8.792900000000000160e-01,3.201499999999999901e-01,1.015999999999999959e-01,1.741900000000000004e+00
2.000000000000000000e+00,6.078400000000000469e-01,1.176500000000000046e-01,8.799900000000000500e-01,3.198500000000000232e-01,1.015000000000000069e-01,1.749000000000000110e+00
2.000000000000000000e+00,6.078400000000000469e-01,1.176600000000000007e-01,8.800999999999999934e-01,3.197900000000000187e-01,1.015100000000000030e-01,1.748899999999999899e+00
2.000000000000000000e+00,6.078400000000000469e-01,1.176600000000000007e-01,8.801099999999999479e-01,3.197900000000000187e-01,1.015100000000000030e-01,1.749100000000000099e+00
2.000000000000000000e+00,6.078400000000000469e-01,1.176600000000000007e-01,8.800999999999999934e-01,3.197999999999999732e-01,1.015100000000000030e-01,1.749000000000000110e+00
2.000000000000000000e+00,6.078400000000000469e-01,1.176600000000000007e-01,8.800999999999999934e-01,3.197900000000000187e-01,1.015100000000000030e-01,1.749000000000000110e+00
1.998699999999999921e+00,6.079900000000000304e-01,1.176900000000000029e-01,8.793600000000000305e-01,3.200700000000000212e-01,1.016200000000000020e-01,1.741600000000000037e+00
2.000000000000000000e+00,6.078299999999999814e-01,1.176600000000000007e-01,8.799799999999999844e-01,3.198699999999999877e-01,1.015100000000000030e-01,1.748899999999999899e+00
2.000000000000000000e+00,6.078400000000000469e-01,1.176600000000000007e-01,8.801099999999999479e-01,3.197900000000000187e-01,1.015100000000000030e-01,1.749000000000000110e+00
1.998699999999999921e+00,6.079900000000000304e-01,1.176800000000000068e-01,8.795300000000000340e-01,3.199400000000000022e-01,1.016500000000000042e-01,1.741100000000000092e+00
1.999900000000000011e+00,6.078400000000000469e-01,1.176600000000000007e-01,8.800799999999999734e-01,3.197999999999999732e-01,1.015100000000000030e-01,1.748799999999999910e+00
2.000000000000000000e+00,6.078400000000000469e-01,1.176600000000000007e-01,8.801099999999999479e-01,3.197900000000000187e-01,1.015100000000000030e-01,1.749000000000000110e+00
2.000000000000000000e+00,6.078400000000000469e-01,1.176600000000000007e-01,8.801099999999999479e-01,3.197900000000000187e-01,1.015100000000000030e-01,1.749100000000000099e+00
1.999900000000000011e+00,6.078000000000000069e-01,1.177099999999999952e-01,8.781799999999999606e-01,3.211399999999999810e-01,1.013499999999999956e-01,1.749000000000000110e+00
2.000000000000000000e+00,6.078400000000000469e-01,1.176600000000000007e-01,8.800400000000000444e-01,3.198300000000000032e-01,1.015199999999999991e-01,1.749000000000000110e+00
2.000000000000000000e+00,6.078400000000000469e-01,1.176600000000000007e-01,8.801099999999999479e-01,3.197900000000000187e-01,1.015100000000000030e-01,1.749100000000000099e+00
2.000000000000000000e+00,6.078400000000000469e-01,1.176600000000000007e-01,8.801099999999999479e-01,3.197900000000000187e-01,1.015100000000000030e-01,1.749100000000000099e+00
1.998699999999999921e+00,6.080600000000000449e-01,1.176200000000000023e-01,8.781999999999999806e-01,3.209600000000000231e-01,1.015000000000000069e-01,1.742099999999999982e+00
1.999900000000000011e+00,6.078599999999999559e-01,1.176500000000000046e-01,8.799500000000000099e-01,3.198900000000000077e-01,1.015000000000000069e-01,1.748299999999999965e+00
2.000000000000000000e+00,6.078299999999999814e-01,1.176600000000000007e-01,8.800999999999999934e-01,3.197800000000000087e-01,1.015199999999999991e-01,1.748899999999999899e+00
2.000000000000000000e+00,6.078400000000000469e-01,1.176600000000000007e-01,8.801099999999999479e-01,3.197900000000000187e-01,1.015100000000000030e-01,1.749100000000000099e+00
2.000000000000000000e+00,6.078400000000000469e-01,1.176600000000000007e-01,8.801099999999999479e-01,3.197900000000000187e-01,1.015100000000000030e-01,1.749100000000000099e+00
1.999900000000000011e+00,6.078400000000000469e-01,1.176600000000000007e-01,8.800599999999999534e-01,3.198099999999999832e-01,1.015100000000000030e-01,1.748799999999999910e+00
2.000000000000000000e+00,6.078400000000000469e-01,1.176600000000000007e-01,8.801099999999999479e-01,3.197900000000000187e-01,1.015100000000000030e-01,1.749000000000000110e+00
2.000000000000000000e+00,6.078400000000000469e-01,1.176600000000000007e-01,8.801099999999999479e-01,3.197900000000000187e-01,1.015100000000000030e-01,1.749100000000000099e+00
2.000000000000000000e+00,6.078400000000000469e-01,1.176600000000000007e-01,8.801099999999999479e-01,3.197900000000000187e-01,1.015100000000000030e-01,1.749100000000000099e+00
1.998599999999999932e+00,6.080200000000000049e-01,1.176600000000000007e-01,8.762100000000000444e-01,3.222800000000000109e-01,1.014400000000000024e-01,1.737999999999999989e+00
1.998699999999999921e+00,6.080100000000000504e-01,1.176600000000000007e-01,8.797000000000000375e-01,3.198500000000000232e-01,1.016200000000000020e-01,1.740499999999999936e+00
2.000000000000000000e+00,6.078400000000000469e-01,1.176600000000000007e-01,8.801099999999999479e-01,3.197900000000000187e-01,1.015100000000000030e-01,1.749100000000000099e+00
1.998699999999999921e+00,6.079700000000000104e-01,1.176999999999999991e-01,8.787500000000000311e-01,3.204899999999999971e-01,1.016299999999999981e-01,1.744799999999999907e+00
2.000000000000000000e+00,6.078400000000000469e-01,1.176600000000000007e-01,8.800999999999999934e-01,3.197900000000000187e-01,1.015100000000000030e-01,1.749000000000000110e+00
2.000000000000000000e+00,6.078400000000000469e-01,1.176600000000000007e-01,8.801099999999999479e-01,3.197900000000000187e-01,1.015100000000000030e-01,1.749100000000000099e+00
1.998699999999999921e+00,6.079999999999999849e-01,1.176800000000000068e-01,8.796699999999999520e-01,3.198500000000000232e-01,1.016299999999999981e-01,1.741999999999999993e+00
1.999900000000000011e+00,6.078500000000000014e-01,1.176500000000000046e-01,8.785899999999999821e-01,3.208799999999999986e-01,1.014100000000000001e-01,1.749400000000000066e+00
2.000000000000000000e+00,6.078400000000000469e-01,1.176600000000000007e-01,8.801099999999999479e-01,3.197900000000000187e-01,1.015100000000000030e-01,1.749100000000000099e+00
1.998699999999999921e+00,6.080400000000000249e-01,1.176299999999999985e-01,8.794100000000000250e-01,3.200299999999999812e-01,1.016299999999999981e-01,1.741400000000000059e+00
2.000000000000000000e+00,6.078400000000000469e-01,1.176600000000000007e-01,8.801099999999999479e-01,3.197900000000000187e-01,1.015100000000000030e-01,1.749000000000000110e+00
1.999700000000000033e+00,6.078700000000000214e-01,1.176600000000000007e-01,8.795800000000000285e-01,3.201300000000000257e-01,1.014899999999999969e-01,1.747900000000000009e+00
2.000000000000000000e+00,6.078400000000000469e-01,1.176600000000000007e-01,8.800900000000000389e-01,3.197900000000000187e-01,1.015199999999999991e-01,1.749000000000000110e+00
2.000000000000000000e+00,6.078400000000000469e-01,1.176600000000000007e-01,8.801099999999999479e-01,3.197900000000000187e-01,1.015100000000000030e-01,1.749000000000000110e+00
2.000000000000000000e+00,6.078400000000000469e-01,1.176600000000000007e-01,8.801099999999999479e-01,3.197900000000000187e-01,1.015100000000000030e-01,1.749100000000000099e+00
2.000000000000000000e+00,6.078400000000000469e-01,1.176600000000000007e-01,8.801099999999999479e-01,3.197900000000000187e-01,1.015100000000000030e-01,1.749100000000000099e+00
2.000000000000000000e+00,6.078400000000000469e-01,1.176600000000000007e-01,8.801099999999999479e-01,3.197900000000000187e-01,1.015100000000000030e-01,1.749100000000000099e+00
2.000000000000000000e+00,6.078400000000000469e-01,1.176600000000000007e-01,8.801099999999999479e-01,3.197900000000000187e-01,1.015100000000000030e-01,1.749100000000000099e+00
1.999900000000000011e+00,6.078599999999999559e-01,1.176500000000000046e-01,8.799799999999999844e-01,3.198199999999999932e-01,1.015199999999999991e-01,1.747500000000000053e+00
1.999900000000000011e+00,6.078400000000000469e-01,1.176600000000000007e-01,8.800400000000000444e-01,3.198300000000000032e-01,1.015100000000000030e-01,1.748799999999999910e+00
2.000000000000000000e+00,6.078400000000000469e-01,1.176600000000000007e-01,8.801099999999999479e-01,3.197900000000000187e-01,1.015100000000000030e-01,1.749100000000000099e+00
2.000000000000000000e+00,6.078400000000000469e-01,1.176600000000000007e-01,8.800999999999999934e-01,3.197900000000000187e-01,1.015100000000000030e-01,1.749000000000000110e+00
2.000000000000000000e+00,6.078400000000000469e-01,1.176600000000000007e-01,8.801099999999999479e-01,3.197900000000000187e-01,1.015100000000000030e-01,1.749100000000000099e+00
2.000000000000000000e+00,6.078400000000000469e-01,1.176600000000000007e-01,8.800999999999999934e-01,3.197999999999999732e-01,1.015100000000000030e-01,1.749000000000000110e+00
2.000000000000000000e+00,6.078400000000000469e-01,1.176600000000000007e-01,8.800900000000000389e-01,3.197900000000000187e-01,1.015199999999999991e-01,1.748899999999999899e+00
1.999900000000000011e+00,6.078500000000000014e-01,1.176600000000000007e-01,8.799799999999999844e-01,3.198500000000000232e-01,1.015100000000000030e-01,1.748699999999999921e+00
2.000000000000000000e+00,6.078400000000000469e-01,1.176600000000000007e-01,8.801099999999999479e-01,3.197900000000000187e-01,1.015100000000000030e-01,1.749000000000000110e+00
2.000000000000000000e+00,6.078400000000000469e-01,1.176600000000000007e-01,8.800599999999999534e-01,3.198199999999999932e-01,1.015100000000000030e-01,1.749000000000000110e+00
1.999900000000000011e+00,6.078400000000000469e-01,1.176699999999999968e-01,8.799799999999999844e-01,3.198199999999999932e-01,1.015599999999999975e-01,1.748099999999999987e+00
1.999900000000000011e+00,6.078400000000000469e-01,1.176600000000000007e-01,8.792699999999999960e-01,3.204000000000000181e-01,1.014400000000000024e-01,1.749200000000000088e+00
1.999700000000000033e+00,6.078799999999999759e-01,1.176600000000000007e-01,8.791999999999999815e-01,3.204299999999999926e-01,1.014499999999999985e-01,1.748399999999999954e+00
2.000000000000000000e+00,6.078400000000000469e-01,1.176600000000000007e-01,8.801099999999999479e-01,3.197900000000000187e-01,1.015100000000000030e-01,1.749100000000000099e+00
1.998699999999999921e+00,6.080200000000000049e-01,1.176600000000000007e-01,8.793800000000000505e-01,3.200200000000000267e-01,1.016600000000000004e-01,1.742299999999999960e+00
2.000000000000000000e+00,6.078400000000000469e-01,1.176600000000000007e-01,8.801099999999999479e-01,3.197900000000000187e-01,1.015100000000000030e-01,1.749100000000000099e+00
1.998699999999999921e+00,6.080400000000000249e-01,1.176299999999999985e-01,8.791099999999999470e-01,3.201800000000000201e-01,1.016800000000000065e-01,1.743500000000000050e+00
2.000000000000000000e+00,6.078400000000000469e-01,1.176600000000000007e-01,8.801099999999999479e-01,3.197900000000000187e-01,1.015100000000000030e-01,1.749100000000000099e+00
2.000000000000000000e+00,6.078400000000000469e-01,1.176600000000000007e-01,8.800099999999999589e-01,3.198500000000000232e-01,1.015100000000000030e-01,1.748699999999999921e+00
1.998699999999999921e+00,6.080200000000000049e-01,1.176500000000000046e-01,8.766500000000000403e-01,3.218300000000000050e-01,1.016100000000000059e-01,1.738499999999999934e+00
2.000000000000000000e+00,6.078400000000000469e-01,1.176600000000000007e-01,8.801099999999999479e-01,3.197900000000000187e-01,1.015100000000000030e-01,1.749100000000000099e+00
1.999900000000000011e+00,6.078500000000000014e-01,1.176600000000000007e-01,8.800700000000000189e-01,3.198099999999999832e-01,1.015100000000000030e-01,1.748799999999999910e+00
2.000000000000000000e+00,6.078400000000000469e-01,1.176600000000000007e-01,8.801099999999999479e-01,3.197900000000000187e-01,1.015100000000000030e-01,1.749100000000000099e+00
2.000000000000000000e+00,6.078500000000000014e-01,1.176500000000000046e-01,8.800299999999999789e-01,3.198300000000000032e-01,1.015199999999999991e-01,1.749200000000000088e+00
2.000000000000000000e+00,6.078400000000000469e-01,1.176600000000000007e-01,8.800799999999999734e-01,3.198099999999999832e-01,1.015100000000000030e-01,1.749200000000000088e+00
2.000000000000000000e+00,6.078400000000000469e-01,1.176600000000000007e-01,8.801099999999999479e-01,3.197900000000000187e-01,1.015100000000000030e-01,1.749100000000000099e+00
1.998599999999999932e+00,6.079999999999999849e-01,1.176800000000000068e-01,8.781200000000000117e-01,3.209699999999999775e-01,1.015299999999999953e-01,1.742899999999999894e+00
2.000000000000000000e+00,6.078400000000000469e-01,1.176600000000000007e-01,8.800999999999999934e-01,3.197999999999999732e-01,1.015100000000000030e-01,1.749000000000000110e+00
1.999900000000000011e+00,6.078799999999999759e-01,1.176299999999999985e-01,8.797700000000000520e-01,3.199199999999999822e-01,1.015899999999999997e-01,1.747700000000000031e+00
2.000000000000000000e+00,6.078400000000000469e-01,1.176500000000000046e-01,8.800700000000000189e-01,3.197999999999999732e-01,1.015199999999999991e-01,1.748799999999999910e+00
2.000000000000000000e+00,6.078400000000000469e-01,1.176600000000000007e-01,8.801099999999999479e-01,3.197900000000000187e-01,1.015100000000000030e-01,1.749100000000000099e+00
2.000000000000000000e+00,6.078400000000000469e-01,1.176600000000000007e-01,8.800999999999999934e-01,3.197900000000000187e-01,1.015100000000000030e-01,1.749000000000000110e+00
1.999900000000000011e+00,6.078500000000000014e-01,1.176500000000000046e-01,8.798599999999999755e-01,3.198799999999999977e-01,1.015599999999999975e-01,1.749200000000000088e+00
2.000000000000000000e+00,6.078400000000000469e-01,1.176600000000000007e-01,8.800999999999999934e-01,3.197999999999999732e-01,1.015100000000000030e-01,1.749000000000000110e+00
2.000000000000000000e+00,6.078400000000000469e-01,1.176600000000000007e-01,8.800999999999999934e-01,3.197900000000000187e-01,1.015100000000000030e-01,1.749000000000000110e+00
2.000000000000000000e+00,6.078400000000000469e-01,1.176600000000000007e-01,8.800999999999999934e-01,3.197900000000000187e-01,1.015100000000000030e-01,1.749000000000000110e+00
2.000000000000000000e+00,6.078400000000000469e-01,1.176600000000000007e-01,8.800900000000000389e-01,3.197999999999999732e-01,1.015100000000000030e-01,1.748899999999999899e+00
2.000000000000000000e+00,6.078400000000000469e-01,1.176600000000000007e-01,8.801099999999999479e-01,3.197900000000000187e-01,1.015100000000000030e-01,1.749100000000000099e+00
2.000000000000000000e+00,6.078400000000000469e-01,1.176600000000000007e-01,8.801099999999999479e-01,3.197900000000000187e-01,1.015100000000000030e-01,1.749100000000000099e+00
1.998599999999999932e+00,6.079900000000000304e-01,1.176900000000000029e-01,8.797399999999999665e-01,3.198199999999999932e-01,1.015999999999999959e-01,1.741200000000000081e+00
2.000000000000000000e+00,6.078400000000000469e-01,1.176600000000000007e-01,8.801099999999999479e-01,3.197900000000000187e-01,1.015100000000000030e-01,1.749100000000000099e+00
2.000000000000000000e+00,6.078400000000000469e-01,1.176600000000000007e-01,8.800799999999999734e-01,3.198099999999999832e-01,1.015100000000000030e-01,1.749000000000000110e+00
2.000000000000000000e+00,6.078400000000000469e-01,1.176600000000000007e-01,8.800999999999999934e-01,3.197999999999999732e-01,1.015100000000000030e-01,1.749100000000000099e+00
2.000000000000000000e+00,6.078400000000000469e-01,1.176600000000000007e-01,8.801099999999999479e-01,3.197900000000000187e-01,1.015100000000000030e-01,1.749100000000000099e+00
2.000000000000000000e+00,6.078400000000000469e-01,1.176600000000000007e-01,8.801099999999999479e-01,3.197900000000000187e-01,1.015100000000000030e-01,1.749000000000000110e+00
2.000000000000000000e+00,6.078400000000000469e-01,1.176600000000000007e-01,8.801099999999999479e-01,3.197900000000000187e-01,1.015100000000000030e-01,1.749100000000000099e+00
2.000000000000000000e+00,6.078400000000000469e-01,1.176600000000000007e-01,8.801099999999999479e-01,3.197900000000000187e-01,1.015100000000000030e-01,1.749000000000000110e+00
1.999900000000000011e+00,6.078700000000000214e-01,1.176399999999999946e-01,8.791400000000000325e-01,3.203799999999999981e-01,1.015400000000000053e-01,1.747700000000000031e+00
2.000000000000000000e+00,6.078400000000000469e-01,1.176600000000000007e-01,8.800999999999999934e-01,3.197900000000000187e-01,1.015100000000000030e-01,1.749000000000000110e+00
2.000000000000000000e+00,6.078400000000000469e-01,1.176600000000000007e-01,8.800999999999999934e-01,3.197900000000000187e-01,1.015100000000000030e-01,1.749000000000000110e+00
1.999900000000000011e+00,6.078500000000000014e-01,1.176600000000000007e-01,8.800499999999999989e-01,3.197999999999999732e-01,1.015199999999999991e-01,1.747800000000000020e+00
2.000000000000000000e+00,6.078400000000000469e-01,1.176600000000000007e-01,8.800999999999999934e-01,3.197900000000000187e-01,1.015100000000000030e-01,1.749100000000000099e+00
2.000000000000000000e+00,6.078400000000000469e-01,1.176600000000000007e-01,8.801099999999999479e-01,3.197900000000000187e-01,1.015100000000000030e-01,1.749100000000000099e+00
1.998599999999999932e+00,6.080299999999999594e-01,1.176500000000000046e-01,8.792999999999999705e-01,3.201600000000000001e-01,1.015899999999999997e-01,1.742199999999999971e+00
2.000000000000000000e+00,6.078400000000000469e-01,1.176600000000000007e-01,8.801099999999999479e-01,3.197900000000000187e-01,1.015100000000000030e-01,1.749100000000000099e+00
2.000000000000000000e+00,6.078400000000000469e-01,1.176600000000000007e-01,8.801099999999999479e-01,3.197900000000000187e-01,1.015100000000000030e-01,1.749100000000000099e+00
1.999900000000000011e+00,6.078099999999999614e-01,1.176900000000000029e-01,8.797599999999999865e-01,3.199100000000000277e-01,1.015800000000000036e-01,1.746299999999999963e+00
2.000000000000000000e+00,6.078400000000000469e-01,1.176600000000000007e-01,8.800999999999999934e-01,3.197900000000000187e-01,1.015100000000000030e-01,1.748899999999999899e+00
2.000000000000000000e+00,6.078400000000000469e-01,1.176600000000000007e-01,8.801099999999999479e-01,3.197900000000000187e-01,1.015100000000000030e-01,1.749100000000000099e+00
1.998699999999999921e+00,6.079900000000000304e-01,1.176900000000000029e-01,8.797199999999999465e-01,3.198199999999999932e-01,1.016399999999999942e-01,1.741000000000000103e+00
1.998699999999999921e+00,6.080200000000000049e-01,1.176600000000000007e-01,8.795600000000000085e-01,3.199400000000000022e-01,1.016299999999999981e-01,1.740399999999999947e+00
2.000000000000000000e+00,6.078299999999999814e-01,1.176600000000000007e-01,8.800599999999999534e-01,3.197999999999999732e-01,1.015199999999999991e-01,1.748799999999999910e+00
2.000000000000000000e+00,6.078400000000000469e-01,1.176600000000000007e-01,8.800999999999999934e-01,3.197900000000000187e-01,1.015100000000000030e-01,1.749000000000000110e+00
2.000000000000000000e+00,6.078400000000000469e-01,1.176600000000000007e-01,8.800999999999999934e-01,3.197999999999999732e-01,1.015100000000000030e-01,1.749100000000000099e+00
1.999800000000000022e+00,6.078400000000000469e-01,1.176699999999999968e-01,8.746199999999999530e-01,3.237400000000000277e-01,1.011299999999999977e-01,1.749500000000000055e+00
2.000000000000000000e+00,6.078400000000000469e-01,1.176600000000000007e-01,8.800700000000000189e-01,3.198199999999999932e-01,1.015100000000000030e-01,1.748799999999999910e+00
1.999900000000000011e+00,6.078599999999999559e-01,1.176500000000000046e-01,8.799500000000000099e-01,3.198699999999999877e-01,1.015100000000000030e-01,1.747400000000000064e+00
2.000000000000000000e+00,6.078400000000000469e-01,1.176600000000000007e-01,8.801099999999999479e-01,3.197900000000000187e-01,1.015100000000000030e-01,1.749100000000000099e+00
2.000000000000000000e+00,6.078400000000000469e-01,1.176600000000000007e-01,8.801099999999999479e-01,3.197900000000000187e-01,1.015100000000000030e-01,1.749100000000000099e+00
2.000000000000000000e+00,6.078400000000000469e-01,1.176500000000000046e-01,8.800499999999999989e-01,3.198300000000000032e-01,1.015100000000000030e-01,1.748899999999999899e+00
2.000000000000000000e+00,6.078400000000000469e-01,1.176600000000000007e-01,8.801099999999999479e-01,3.197900000000000187e-01,1.015100000000000030e-01,1.749100000000000099e+00
1.999900000000000011e+00,6.078500000000000014e-01,1.176500000000000046e-01,8.800499999999999989e-01,3.198199999999999932e-01,1.015000000000000069e-01,1.748799999999999910e+00
2.000000000000000000e+00,6.078400000000000469e-01,1.176600000000000007e-01,8.801099999999999479e-01,3.197900000000000187e-01,1.015100000000000030e-01,1.749100000000000099e+00
1.998699999999999921e+00,6.079799999999999649e-01,1.176900000000000029e-01,8.794499999999999540e-01,3.200700000000000212e-01,1.015899999999999997e-01,1.741800000000000015e+00
2.000000000000000000e+00,6.078400000000000469e-01,1.176600000000000007e-01,8.801099999999999479e-01,3.197900000000000187e-01,1.015100000000000030e-01,1.749100000000000099e+00
2.000000000000000000e+00,6.078400000000000469e-01,1.176600000000000007e-01,8.800799999999999734e-01,3.198099999999999832e-01,1.015100000000000030e-01,1.749000000000000110e+00
2.000000000000000000e+00,6.078400000000000469e-01,1.176600000000000007e-01,8.801099999999999479e-01,3.197900000000000187e-01,1.015100000000000030e-01,1.749100000000000099e+00
2.000000000000000000e+00,6.078400000000000469e-01,1.176600000000000007e-01,8.801099999999999479e-01,3.197900000000000187e-01,1.015100000000000030e-01,1.749100000000000099e+00
1.993600000000000039e+00,6.086399999999999588e-01,1.177300000000000013e-01,8.781200000000000117e-01,3.204000000000000181e-01,1.019100000000000006e-01,1.721100000000000074e+00
2.000000000000000000e+00,6.078400000000000469e-01,1.176600000000000007e-01,8.801099999999999479e-01,3.197900000000000187e-01,1.015100000000000030e-01,1.749100000000000099e+00
2.000000000000000000e+00,6.078400000000000469e-01,1.176600000000000007e-01,8.801099999999999479e-01,3.197900000000000187e-01,1.015100000000000030e-01,1.749100000000000099e+00
1.999800000000000022e+00,6.078200000000000269e-01,1.176999999999999991e-01,8.733199999999999852e-01,3.245799999999999796e-01,1.010899999999999993e-01,1.747100000000000097e+00
1.998599999999999932e+00,6.079999999999999849e-01,1.176900000000000029e-01,8.795300000000000340e-01,3.199400000000000022e-01,1.016100000000000059e-01,1.741500000000000048e+00
2.000000000000000000e+00,6.078400000000000469e-01,1.176600000000000007e-01,8.801099999999999479e-01,3.197900000000000187e-01,1.015100000000000030e-01,1.749100000000000099e+00
2.000000000000000000e+00,6.078299999999999814e-01,1.176600000000000007e-01,8.800299999999999789e-01,3.198099999999999832e-01,1.015299999999999953e-01,1.748799999999999910e+00
2.000000000000000000e+00,6.078400000000000469e-01,1.176500000000000046e-01,8.800400000000000444e-01,3.198300000000000032e-01,1.015100000000000030e-01,1.748899999999999899e+00
1.999900000000000011e+00,6.078500000000000014e-01,1.176600000000000007e-01,8.795500000000000540e-01,3.201700000000000101e-01,1.014800000000000008e-01,1.747700000000000031e+00
2.000000000000000000e+00,6.078400000000000469e-01,1.176600000000000007e-01,8.801099999999999479e-01,3.197900000000000187e-01,1.015100000000000030e-01,1.749100000000000099e+00
2.000000000000000000e+00,6.078400000000000469e-01,1.176600000000000007e-01,8.800999999999999934e-01,3.197900000000000187e-01,1.015100000000000030e-01,1.748899999999999899e+00
2.000000000000000000e+00,6.078400000000000469e-01,1.176600000000000007e-01,8.801099999999999479e-01,3.197900000000000187e-01,1.015100000000000030e-01,1.749100000000000099e+00
2.000000000000000000e+00,6.078400000000000469e-01,1.176600000000000007e-01,8.801099999999999479e-01,3.197900000000000187e-01,1.015100000000000030e-01,1.749000000000000110e+00
2.000000000000000000e+00,6.078400000000000469e-01,1.176600000000000007e-01,8.801099999999999479e-01,3.197900000000000187e-01,1.015100000000000030e-01,1.749100000000000099e+00
2.000000000000000000e+00,6.078400000000000469e-01,1.176600000000000007e-01,8.801099999999999479e-01,3.197900000000000187e-01,1.015100000000000030e-01,1.749100000000000099e+00
2.000000000000000000e+00,6.078400000000000469e-01,1.176600000000000007e-01,8.801099999999999479e-01,3.197900000000000187e-01,1.015100000000000030e-01,1.749100000000000099e+00
2.000000000000000000e+00,6.078400000000000469e-01,1.176600000000000007e-01,8.801099999999999479e-01,3.197900000000000187e-01,1.015100000000000030e-01,1.749000000000000110e+00
1.999900000000000011e+00,6.078400000000000469e-01,1.176600000000000007e-01,8.799599999999999644e-01,3.198799999999999977e-01,1.015199999999999991e-01,1.748799999999999910e+00
1.998699999999999921e+00,6.079900000000000304e-01,1.176900000000000029e-01,8.793800000000000505e-01,3.200799999999999756e-01,1.016200000000000020e-01,1.742299999999999960e+00
2.000000000000000000e+00,6.078400000000000469e-01,1.176600000000000007e-01,8.801099999999999479e-01,3.197900000000000187e-01,1.015100000000000030e-01,1.749100000000000099e+00
2.000000000000000000e+00,6.078400000000000469e-01,1.176600000000000007e-01,8.801099999999999479e-01,3.197900000000000187e-01,1.015100000000000030e-01,1.749000000000000110e+00
1.999700000000000033e+00,6.078700000000000214e-01,1.176600000000000007e-01,8.800400000000000444e-01,3.197900000000000187e-01,1.015400000000000053e-01,1.747600000000000042e+00
2.000000000000000000e+00,6.078400000000000469e-01,1.176600000000000007e-01,8.801099999999999479e-01,3.197900000000000187e-01,1.015100000000000030e-01,1.749100000000000099e+00
1.999800000000000022e+00,6.078500000000000014e-01,1.176699999999999968e-01,8.794300000000000450e-01,3.201600000000000001e-01,1.015599999999999975e-01,1.747200000000000086e+00
2.000000000000000000e+00,6.078400000000000469e-01,1.176600000000000007e-01,8.801099999999999479e-01,3.197900000000000187e-01,1.015100000000000030e-01,1.749100000000000099e+00
2.000000000000000000e+00,6.078400000000000469e-01,1.176600000000000007e-01,8.800999999999999934e-01,3.197900000000000187e-01,1.015100000000000030e-01,1.749000000000000110e+00
1.998699999999999921e+00,6.079599999999999449e-01,1.177099999999999952e-01,8.750099999999999545e-01,3.230899999999999883e-01,1.014100000000000001e-01,1.742899999999999894e+00
2.000000000000000000e+00,6.078400000000000469e-01,1.176600000000000007e-01,8.801099999999999479e-01,3.197900000000000187e-01,1.015100000000000030e-01,1.749100000000000099e+00
2.000000000000000000e+00,6.078400000000000469e-01,1.176600000000000007e-01,8.801099999999999479e-01,3.197900000000000187e-01,1.015100000000000030e-01,1.749100000000000099e+00
2.000000000000000000e+00,6.078400000000000469e-01,1.176500000000000046e-01,8.801099999999999479e-01,3.197900000000000187e-01,1.015100000000000030e-01,1.748899999999999899e+00
1.998699999999999921e+00,6.080100000000000504e-01,1.176699999999999968e-01,8.795199999999999685e-01,3.199799999999999867e-01,1.016299999999999981e-01,1.741400000000000059e+00
2.000000000000000000e+00,6.078400000000000469e-01,1.176600000000000007e-01,8.800999999999999934e-01,3.197999999999999732e-01,1.015100000000000030e-01,1.749100000000000099e+00
1.999900000000000011e+00,6.078500000000000014e-01,1.176600000000000007e-01,8.799400000000000555e-01,3.198799999999999977e-01,1.015299999999999953e-01,1.748799999999999910e+00
1.999900000000000011e+00,6.078400000000000469e-01,1.176600000000000007e-01,8.800900000000000389e-01,3.197999999999999732e-01,1.015100000000000030e-01,1.748799999999999910e+00
2.000000000000000000e+00,6.078400000000000469e-01,1.176600000000000007e-01,8.801099999999999479e-01,3.197900000000000187e-01,1.015100000000000030e-01,1.749100000000000099e+00
2.000000000000000000e+00,6.078299999999999814e-01,1.176600000000000007e-01,8.800599999999999534e-01,3.198300000000000032e-01,1.015000000000000069e-01,1.748899999999999899e+00
1.999900000000000011e+00,6.078400000000000469e-01,1.176600000000000007e-01,8.800900000000000389e-01,3.197999999999999732e-01,1.015100000000000030e-01,1.748899999999999899e+00
2.000000000000000000e+00,6.078400000000000469e-01,1.176600000000000007e-01,8.801099999999999479e-01,3.197900000000000187e-01,1.015100000000000030e-01,1.749100000000000099e+00
1.998699999999999921e+00,6.079900000000000304e-01,1.176800000000000068e-01,8.796199999999999575e-01,3.199000000000000177e-01,1.016299999999999981e-01,1.741400000000000059e+00
1.998699999999999921e+00,6.079900000000000304e-01,1.176900000000000029e-01,8.795399999999999885e-01,3.199799999999999867e-01,1.016100000000000059e-01,1.741100000000000092e+00
1.999800000000000022e+00,6.078400000000000469e-01,1.176800000000000068e-01,8.792499999999999760e-01,3.203099999999999836e-01,1.015100000000000030e-01,1.747600000000000042e+00
1.999900000000000011e+00,6.078400000000000469e-01,1.176600000000000007e-01,8.800900000000000389e-01,3.197900000000000187e-01,1.015100000000000030e-01,1.748799999999999910e+00
2.000000000000000000e+00,6.078400000000000469e-01,1.176600000000000007e-01,8.799500000000000099e-01,3.198799999999999977e-01,1.015199999999999991e-01,1.748899999999999899e+00
2.000000000000000000e+00,6.078400000000000469e-01,1.176600000000000007e-01,8.801099999999999479e-01,3.197900000000000187e-01,1.015100000000000030e-01,1.749000000000000110e+00
2.000000000000000000e+00,6.078400000000000469e-01,1.176600000000000007e-01,8.801099999999999479e-01,3.197900000000000187e-01,1.015100000000000030e-01,1.749100000000000099e+00
2.000000000000000000e+00,6.078400000000000469e-01,1.176600000000000007e-01,8.800999999999999934e-01,3.197900000000000187e-01,1.015100000000000030e-01,1.749000000000000110e+00
2.000000000000000000e+00,6.078400000000000469e-01,1.176600000000000007e-01,8.801099999999999479e-01,3.197900000000000187e-01,1.015100000000000030e-01,1.749100000000000099e+00
2.000000000000000000e+00,6.078400000000000469e-01,1.176600000000000007e-01,8.801099999999999479e-01,3.197900000000000187e-01,1.015100000000000030e-01,1.749000000000000110e+00
2.000000000000000000e+00,6.078400000000000469e-01,1.176600000000000007e-01,8.801099999999999479e-01,3.197900000000000187e-01,1.015100000000000030e-01,1.749100000000000099e+00
1.998699999999999921e+00,6.080299999999999594e-01,1.176399999999999946e-01,8.795699999999999630e-01,3.198599999999999777e-01,1.016600000000000004e-01,1.741300000000000070e+00
1.999900000000000011e+00,6.078400000000000469e-01,1.176600000000000007e-01,8.800499999999999989e-01,3.198099999999999832e-01,1.015199999999999991e-01,1.748799999999999910e+00
1.998699999999999921e+00,6.080100000000000504e-01,1.176699999999999968e-01,8.795199999999999685e-01,3.200399999999999912e-01,1.015800000000000036e-01,1.743000000000000105e+00
1.999700000000000033e+00,6.078700000000000214e-01,1.176600000000000007e-01,8.800400000000000444e-01,3.197999999999999732e-01,1.015299999999999953e-01,1.747800000000000020e+00
2.000000000000000000e+00,6.078400000000000469e-01,1.176600000000000007e-01,8.801099999999999479e-01,3.197900000000000187e-01,1.015100000000000030e-01,1.749100000000000099e+00
1.998699999999999921e+00,6.080499999999999794e-01,1.176299999999999985e-01,8.795800000000000285e-01,3.199000000000000177e-01,1.016399999999999942e-01,1.740399999999999947e+00
2.000000000000000000e+00,6.078400000000000469e-01,1.176600000000000007e-01,8.801099999999999479e-01,3.197900000000000187e-01,1.015100000000000030e-01,1.749100000000000099e+00
2.000000000000000000e+00,6.078400000000000469e-01,1.176600000000000007e-01,8.799599999999999644e-01,3.198900000000000077e-01,1.015100000000000030e-01,1.748899999999999899e+00
1.998699999999999921e+00,6.079900000000000304e-01,1.176800000000000068e-01,8.797700000000000520e-01,3.197999999999999732e-01,1.016299999999999981e-01,1.741300000000000070e+00
2.000000000000000000e+00,6.078400000000000469e-01,1.176600000000000007e-01,8.801099999999999479e-01,3.197900000000000187e-01,1.015100000000000030e-01,1.749100000000000099e+00
2.000000000000000000e+00,6.078400000000000469e-01,1.176600000000000007e-01,8.801099999999999479e-01,3.197900000000000187e-01,1.015100000000000030e-01,1.749100000000000099e+00
1.999900000000000011e+00,6.078400000000000469e-01,1.176600000000000007e-01,8.800200000000000244e-01,3.198199999999999932e-01,1.015199999999999991e-01,1.747700000000000031e+00
2.000000000000000000e+00,6.078400000000000469e-01,1.176600000000000007e-01,8.801099999999999479e-01,3.197900000000000187e-01,1.015100000000000030e-01,1.749100000000000099e+00
2.000000000000000000e+00,6.078400000000000469e-01,1.176600000000000007e-01,8.801099999999999479e-01,3.197900000000000187e-01,1.015100000000000030e-01,1.749100000000000099e+00
2.000000000000000000e+00,6.078400000000000469e-01,1.176600000000000007e-01,8.801099999999999479e-01,3.197900000000000187e-01,1.015100000000000030e-01,1.749100000000000099e+00
2.000000000000000000e+00,6.078400000000000469e-01,1.176600000000000007e-01,8.801099999999999479e-01,3.197900000000000187e-01,1.015100000000000030e-01,1.749100000000000099e+00
1.999900000000000011e+00,6.078400000000000469e-01,1.176600000000000007e-01,8.794100000000000250e-01,3.202599999999999891e-01,1.014899999999999969e-01,1.748899999999999899e+00
1.998699999999999921e+00,6.079900000000000304e-01,1.176800000000000068e-01,8.794699999999999740e-01,3.199899999999999967e-01,1.016200000000000020e-01,1.741999999999999993e+00
2.000000000000000000e+00,6.078400000000000469e-01,1.176500000000000046e-01,8.800200000000000244e-01,3.198500000000000232e-01,1.015100000000000030e-01,1.748799999999999910e+00
2.000000000000000000e+00,6.078400000000000469e-01,1.176600000000000007e-01,8.801099999999999479e-01,3.197900000000000187e-01,1.015100000000000030e-01,1.749100000000000099e+00
2.000000000000000000e+00,6.078400000000000469e-01,1.176600000000000007e-01,8.801099999999999479e-01,3.197900000000000187e-01,1.015100000000000030e-01,1.749100000000000099e+00
2.000000000000000000e+00,6.078400000000000469e-01,1.176600000000000007e-01,8.800999999999999934e-01,3.197999999999999732e-01,1.015100000000000030e-01,1.749000000000000110e+00
2.000000000000000000e+00,6.078400000000000469e-01,1.176600000000000007e-01,8.801099999999999479e-01,3.197900000000000187e-01,1.015100000000000030e-01,1.749100000000000099e+00
1.999900000000000011e+00,6.078400000000000469e-01,1.176600000000000007e-01,8.800400000000000444e-01,3.198199999999999932e-01,1.015199999999999991e-01,1.748899999999999899e+00
1.998699999999999921e+00,6.080400000000000249e-01,1.176299999999999985e-01,8.768099999999999783e-01,3.218699999999999894e-01,1.014899999999999969e-01,1.742299999999999960e+00
1.999800000000000022e+00,6.078500000000000014e-01,1.176699999999999968e-01,8.754899999999999904e-01,3.230899999999999883e-01,1.011900000000000022e-01,1.747600000000000042e+00
1.998699999999999921e+00,6.079799999999999649e-01,1.176999999999999991e-01,8.794899999999999940e-01,3.199500000000000122e-01,1.016500000000000042e-01,1.741000000000000103e+00
2.000000000000000000e+00,6.078400000000000469e-01,1.176600000000000007e-01,8.800999999999999934e-01,3.197900000000000187e-01,1.015100000000000030e-01,1.749000000000000110e+00
2.000000000000000000e+00,6.078400000000000469e-01,1.176500000000000046e-01,8.800900000000000389e-01,3.197999999999999732e-01,1.015100000000000030e-01,1.748899999999999899e+00
2.000000000000000000e+00,6.078400000000000469e-01,1.176600000000000007e-01,8.801099999999999479e-01,3.197900000000000187e-01,1.015100000000000030e-01,1.749100000000000099e+00
1.998699999999999921e+00,6.079999999999999849e-01,1.176800000000000068e-01,8.795899999999999830e-01,3.199100000000000277e-01,1.016200000000000020e-01,1.739800000000000013e+00
2.000000000000000000e+00,6.078400000000000469e-01,1.176600000000000007e-01,8.801099999999999479e-01,3.197900000000000187e-01,1.015100000000000030e-01,1.749100000000000099e+00
1.998699999999999921e+00,6.080100000000000504e-01,1.176699999999999968e-01,8.796000000000000485e-01,3.199000000000000177e-01,1.016600000000000004e-01,1.742399999999999949e+00
2.000000000000000000e+00,6.078400000000000469e-01,1.176500000000000046e-01,8.801099999999999479e-01,3.197900000000000187e-01,1.015100000000000030e-01,1.748899999999999899e+00
2.000000000000000000e+00,6.078400000000000469e-01,1.176600000000000007e-01,8.800999999999999934e-01,3.197900000000000187e-01,1.015199999999999991e-01,1.748899999999999899e+00
2.000000000000000000e+00,6.078400000000000469e-01,1.176600000000000007e-01,8.801099999999999479e-01,3.197900000000000187e-01,1.015100000000000030e-01,1.749100000000000099e+00
1.999900000000000011e+00,6.078500000000000014e-01,1.176600000000000007e-01,8.800400000000000444e-01,3.198300000000000032e-01,1.015100000000000030e-01,1.748799999999999910e+00
2.000000000000000000e+00,6.078400000000000469e-01,1.176600000000000007e-01,8.801099999999999479e-01,3.197900000000000187e-01,1.015100000000000030e-01,1.749100000000000099e+00
1.998699999999999921e+00,6.080200000000000049e-01,1.176600000000000007e-01,8.794600000000000195e-01,3.200000000000000067e-01,1.015999999999999959e-01,1.739400000000000057e+00
2.000000000000000000e+00,6.078400000000000469e-01,1.176600000000000007e-01,8.801099999999999479e-01,3.197900000000000187e-01,1.015100000000000030e-01,1.749100000000000099e+00
2.000000000000000000e+00,6.078400000000000469e-01,1.176600000000000007e-01,8.801099999999999479e-01,3.197900000000000187e-01,1.015100000000000030e-01,1.749000000000000110e+00
1.998599999999999932e+00,6.080299999999999594e-01,1.176500000000000046e-01,8.798099999999999810e-01,3.197699999999999987e-01,1.016200000000000020e-01,1.742799999999999905e+00
1.998699999999999921e+00,6.079999999999999849e-01,1.176800000000000068e-01,8.794199999999999795e-01,3.200799999999999756e-01,1.015599999999999975e-01,1.741200000000000081e+00
1.998699999999999921e+00,6.080100000000000504e-01,1.176600000000000007e-01,8.797500000000000320e-01,3.198799999999999977e-01,1.015999999999999959e-01,1.743200000000000083e+00
2.000000000000000000e+00,6.078400000000000469e-01,1.176600000000000007e-01,8.800999999999999934e-01,3.197900000000000187e-01,1.015100000000000030e-01,1.749000000000000110e+00
2.000000000000000000e+00,6.078400000000000469e-01,1.176600000000000007e-01,8.801099999999999479e-01,3.197900000000000187e-01,1.015100000000000030e-01,1.749000000000000110e+00
2.000000000000000000e+00,6.078400000000000469e-01,1.176600000000000007e-01,8.801099999999999479e-01,3.197900000000000187e-01,1.015100000000000030e-01,1.749000000000000110e+00
1.998699999999999921e+00,6.079900000000000304e-01,1.176900000000000029e-01,8.796199999999999575e-01,3.199100000000000277e-01,1.016200000000000020e-01,1.741900000000000004e+00
1.998599999999999932e+00,6.079599999999999449e-01,1.177200000000000052e-01,8.769900000000000473e-01,3.217900000000000205e-01,1.014899999999999969e-01,1.743900000000000006e+00
2.000000000000000000e+00,6.078400000000000469e-01,1.176600000000000007e-01,8.801099999999999479e-01,3.197900000000000187e-01,1.015100000000000030e-01,1.749100000000000099e+00
2.000000000000000000e+00,6.078400000000000469e-01,1.176600000000000007e-01,8.801099999999999479e-01,3.197900000000000187e-01,1.015100000000000030e-01,1.749100000000000099e+00
2.000000000000000000e+00,6.078400000000000469e-01,1.176600000000000007e-01,8.801099999999999479e-01,3.197900000000000187e-01,1.015100000000000030e-01,1.749100000000000099e+00
2.000000000000000000e+00,6.078400000000000469e-01,1.176600000000000007e-01,8.800999999999999934e-01,3.197999999999999732e-01,1.015000000000000069e-01,1.749100000000000099e+00
2.000000000000000000e+00,6.078400000000000469e-01,1.176600000000000007e-01,8.801099999999999479e-01,3.197900000000000187e-01,1.015100000000000030e-01,1.749100000000000099e+00
1.998599999999999932e+00,6.080299999999999594e-01,1.176500000000000046e-01,8.783900000000000041e-01,3.208099999999999841e-01,1.015299999999999953e-01,1.742199999999999971e+00
2.000000000000000000e+00,6.078400000000000469e-01,1.176600000000000007e-01,8.801099999999999479e-01,3.197900000000000187e-01,1.015100000000000030e-01,1.749100000000000099e+00
1.999900000000000011e+00,6.078500000000000014e-01,1.176600000000000007e-01,8.800000000000000044e-01,3.198300000000000032e-01,1.015199999999999991e-01,1.747800000000000020e+00
2.000000000000000000e+00,6.078400000000000469e-01,1.176600000000000007e-01,8.800499999999999989e-01,3.198199999999999932e-01,1.015100000000000030e-01,1.748899999999999899e+00
2.000000000000000000e+00,6.078400000000000469e-01,1.176600000000000007e-01,8.800999999999999934e-01,3.197900000000000187e-01,1.015100000000000030e-01,1.749000000000000110e+00
2.000000000000000000e+00,6.078400000000000469e-01,1.176500000000000046e-01,8.800700000000000189e-01,3.198099999999999832e-01,1.015100000000000030e-01,1.748899999999999899e+00
2.000000000000000000e+00,6.078400000000000469e-01,1.176600000000000007e-01,8.801099999999999479e-01,3.197900000000000187e-01,1.015100000000000030e-01,1.749100000000000099e+00
1.998699999999999921e+00,6.079999999999999849e-01,1.176699999999999968e-01,8.795699999999999630e-01,3.199299999999999922e-01,1.016299999999999981e-01,1.741000000000000103e+00
2.000000000000000000e+00,6.078400000000000469e-01,1.176600000000000007e-01,8.801099999999999479e-01,3.197900000000000187e-01,1.015100000000000030e-01,1.749100000000000099e+00
1.999900000000000011e+00,6.078400000000000469e-01,1.176600000000000007e-01,8.800799999999999734e-01,3.197999999999999732e-01,1.015100000000000030e-01,1.748899999999999899e+00
1.998699999999999921e+00,6.079999999999999849e-01,1.176699999999999968e-01,8.797899999999999610e-01,3.198400000000000132e-01,1.015999999999999959e-01,1.743100000000000094e+00
2.000000000000000000e+00,6.078400000000000469e-01,1.176600000000000007e-01,8.801099999999999479e-01,3.197900000000000187e-01,1.015100000000000030e-01,1.749100000000000099e+00
2.000000000000000000e+00,6.078400000000000469e-01,1.176500000000000046e-01,8.799700000000000299e-01,3.198699999999999877e-01,1.015199999999999991e-01,1.748899999999999899e+00
1.999900000000000011e+00,6.078500000000000014e-01,1.176600000000000007e-01,8.800799999999999734e-01,3.197900000000000187e-01,1.015299999999999953e-01,1.748799999999999910e+00
2.000000000000000000e+00,6.078400000000000469e-01,1.176600000000000007e-01,8.801099999999999479e-01,3.197900000000000187e-01,1.015100000000000030e-01,1.749100000000000099e+00
2.000000000000000000e+00,6.078400000000000469e-01,1.176600000000000007e-01,8.801099999999999479e-01,3.197900000000000187e-01,1.015100000000000030e-01,1.749100000000000099e+00
2.000000000000000000e+00,6.078400000000000469e-01,1.176600000000000007e-01,8.801099999999999479e-01,3.197900000000000187e-01,1.015100000000000030e-01,1.749100000000000099e+00
1.998599999999999932e+00,6.079599999999999449e-01,1.177200000000000052e-01,8.785100000000000131e-01,3.207400000000000251e-01,1.015400000000000053e-01,1.743700000000000028e+00
1.998699999999999921e+00,6.080200000000000049e-01,1.176500000000000046e-01,8.797300000000000120e-01,3.198300000000000032e-01,1.016500000000000042e-01,1.741999999999999993e+00
2.000000000000000000e+00,6.078400000000000469e-01,1.176600000000000007e-01,8.800999999999999934e-01,3.197900000000000187e-01,1.015100000000000030e-01,1.749000000000000110e+00
1.999900000000000011e+00,6.078400000000000469e-01,1.176600000000000007e-01,8.800700000000000189e-01,3.198099999999999832e-01,1.015100000000000030e-01,1.748799999999999910e+00
1.998699999999999921e+00,6.079900000000000304e-01,1.176800000000000068e-01,8.796399999999999775e-01,3.198799999999999977e-01,1.016399999999999942e-01,1.741100000000000092e+00
2.000000000000000000e+00,6.078400000000000469e-01,1.176600000000000007e-01,8.801099999999999479e-01,3.197900000000000187e-01,1.015100000000000030e-01,1.749100000000000099e+00
1.998699999999999921e+00,6.079999999999999849e-01,1.176699999999999968e-01,8.794199999999999795e-01,3.200600000000000112e-01,1.016100000000000059e-01,1.743999999999999995e+00
2.000000000000000000e+00,6.078400000000000469e-01,1.176600000000000007e-01,8.801099999999999479e-01,3.197900000000000187e-01,1.015100000000000030e-01,1.749100000000000099e+00
2.000000000000000000e+00,6.078400000000000469e-01,1.176600000000000007e-01,8.801099999999999479e-01,3.197900000000000187e-01,1.015100000000000030e-01,1.749100000000000099e+00
2.000000000000000000e+00,6.078400000000000469e-01,1.176600000000000007e-01,8.800000000000000044e-01,3.198599999999999777e-01,1.015100000000000030e-01,1.748899999999999899e+00
2.000000000000000000e+00,6.078400000000000469e-01,1.176600000000000007e-01,8.800499999999999989e-01,3.198199999999999932e-01,1.015199999999999991e-01,1.749000000000000110e+00
1.998699999999999921e+00,6.080100000000000504e-01,1.176600000000000007e-01,8.790900000000000380e-01,3.202200000000000046e-01,1.016600000000000004e-01,1.741700000000000026e+00
2.000000000000000000e+00,6.078400000000000469e-01,1.176600000000000007e-01,8.801099999999999479e-01,3.197900000000000187e-01,1.015100000000000030e-01,1.749100000000000099e+00
2.000000000000000000e+00,6.078400000000000469e-01,1.176600000000000007e-01,8.800999999999999934e-01,3.197900000000000187e-01,1.015100000000000030e-01,1.749000000000000110e+00
1.999900000000000011e+00,6.078500000000000014e-01,1.176500000000000046e-01,8.800200000000000244e-01,3.198400000000000132e-01,1.015000000000000069e-01,1.748899999999999899e+00
2.000000000000000000e+00,6.078400000000000469e-01,1.176600000000000007e-01,8.800700000000000189e-01,3.198099999999999832e-01,1.015100000000000030e-01,1.748899999999999899e+00
2.000000000000000000e+00,6.078400000000000469e-01,1.176600000000000007e-01,8.800599999999999534e-01,3.198199999999999932e-01,1.015100000000000030e-01,1.748799999999999910e+00
1.998699999999999921e+00,6.079900000000000304e-01,1.176800000000000068e-01,8.796300000000000230e-01,3.198900000000000077e-01,1.016299999999999981e-01,1.742399999999999949e+00
1.998699999999999921e+00,6.080400000000000249e-01,1.176399999999999946e-01,8.787800000000000056e-01,3.204299999999999926e-01,1.016699999999999965e-01,1.741100000000000092e+00
1.998699999999999921e+00,6.080400000000000249e-01,1.176399999999999946e-01,8.796899999999999720e-01,3.197999999999999732e-01,1.016999999999999987e-01,1.742099999999999982e+00
1.998699999999999921e+00,6.080200000000000049e-01,1.176500000000000046e-01,8.796699999999999520e-01,3.199199999999999822e-01,1.015999999999999959e-01,1.742299999999999960e+00
2.000000000000000000e+00,6.078400000000000469e-01,1.176600000000000007e-01,8.800200000000000244e-01,3.198400000000000132e-01,1.015100000000000030e-01,1.749000000000000110e+00
2.000000000000000000e+00,6.078400000000000469e-01,1.176600000000000007e-01,8.801099999999999479e-01,3.197900000000000187e-01,1.015100000000000030e-01,1.749100000000000099e+00
1.998599999999999932e+00,6.080499999999999794e-01,1.176299999999999985e-01,8.794100000000000250e-01,3.200600000000000112e-01,1.016100000000000059e-01,1.740799999999999903e+00
2.000000000000000000e+00,6.078400000000000469e-01,1.176600000000000007e-01,8.801099999999999479e-01,3.197900000000000187e-01,1.015100000000000030e-01,1.749100000000000099e+00
2.000000000000000000e+00,6.078400000000000469e-01,1.176600000000000007e-01,8.801099999999999479e-01,3.197900000000000187e-01,1.015100000000000030e-01,1.749100000000000099e+00
1.998699999999999921e+00,6.080100000000000504e-01,1.176699999999999968e-01,8.795899999999999830e-01,3.199699999999999767e-01,1.015999999999999959e-01,1.742599999999999927e+00
2.000000000000000000e+00,6.078400000000000469e-01,1.176600000000000007e-01,8.801099999999999479e-01,3.197900000000000187e-01,1.015100000000000030e-01,1.749100000000000099e+00
2.000000000000000000e+00,6.078400000000000469e-01,1.176600000000000007e-01,8.799500000000000099e-01,3.199000000000000177e-01,1.015000000000000069e-01,1.748899999999999899e+00
1.998699999999999921e+00,6.080100000000000504e-01,1.176699999999999968e-01,8.794699999999999740e-01,3.199899999999999967e-01,1.016299999999999981e-01,1.741700000000000026e+00
1.998699999999999921e+00,6.079900000000000304e-01,1.176900000000000029e-01,8.794699999999999740e-01,3.200100000000000167e-01,1.016399999999999942e-01,1.741200000000000081e+00
1.999900000000000011e+00,6.078400000000000469e-01,1.176699999999999968e-01,8.786199999999999566e-01,3.207599999999999896e-01,1.014800000000000008e-01,1.747900000000000009e+00
1.999700000000000033e+00,6.078700000000000214e-01,1.176600000000000007e-01,8.766500000000000403e-01,3.222099999999999964e-01,1.013199999999999934e-01,1.748399999999999954e+00
2.000000000000000000e+00,6.078400000000000469e-01,1.176600000000000007e-01,8.801099999999999479e-01,3.197900000000000187e-01,1.015100000000000030e-01,1.749100000000000099e+00
1.998699999999999921e+00,6.080200000000000049e-01,1.176600000000000007e-01,8.797099999999999920e-01,3.198500000000000232e-01,1.016299999999999981e-01,1.742099999999999982e+00
2.000000000000000000e+00,6.078400000000000469e-01,1.176600000000000007e-01,8.801099999999999479e-01,3.197900000000000187e-01,1.015100000000000030e-01,1.749100000000000099e+00
2.000000000000000000e+00,6.078400000000000469e-01,1.176600000000000007e-01,8.800499999999999989e-01,3.198199999999999932e-01,1.015100000000000030e-01,1.748899999999999899e+00
2.000000000000000000e+00,6.078400000000000469e-01,1.176600000000000007e-01,8.801099999999999479e-01,3.197900000000000187e-01,1.015100000000000030e-01,1.749100000000000099e+00
1.998699999999999921e+00,6.079900000000000304e-01,1.176900000000000029e-01,8.791499999999999870e-01,3.201700000000000101e-01,1.016800000000000065e-01,1.742199999999999971e+00
2.000000000000000000e+00,6.078400000000000469e-01,1.176600000000000007e-01,8.801099999999999479e-01,3.197900000000000187e-01,1.015100000000000030e-01,1.749100000000000099e+00
2.000000000000000000e+00,6.078400000000000469e-01,1.176600000000000007e-01,8.801099999999999479e-01,3.197900000000000187e-01,1.015100000000000030e-01,1.749100000000000099e+00
2.000000000000000000e+00,6.078400000000000469e-01,1.176600000000000007e-01,8.800099999999999589e-01,3.198500000000000232e-01,1.015000000000000069e-01,1.748799999999999910e+00
2.000000000000000000e+00,6.078400000000000469e-01,1.176600000000000007e-01,8.800999999999999934e-01,3.197999999999999732e-01,1.015100000000000030e-01,1.749000000000000110e+00
2.000000000000000000e+00,6.078400000000000469e-01,1.176600000000000007e-01,8.801099999999999479e-01,3.197900000000000187e-01,1.015100000000000030e-01,1.749100000000000099e+00
2.000000000000000000e+00,6.078400000000000469e-01,1.176600000000000007e-01,8.800999999999999934e-01,3.197900000000000187e-01,1.015100000000000030e-01,1.749000000000000110e+00
2.000000000000000000e+00,6.078400000000000469e-01,1.176600000000000007e-01,8.800900000000000389e-01,3.197999999999999732e-01,1.015100000000000030e-01,1.749100000000000099e+00
1.998699999999999921e+00,6.080200000000000049e-01,1.176600000000000007e-01,8.795899999999999830e-01,3.199400000000000022e-01,1.016299999999999981e-01,1.742499999999999938e+00
1.992499999999999938e+00,6.088299999999999823e-01,1.176800000000000068e-01,8.731600000000000472e-01,3.237599999999999922e-01,1.016600000000000004e-01,1.711200000000000054e+00
1.999800000000000022e+00,6.078500000000000014e-01,1.176600000000000007e-01,8.748899999999999455e-01,3.233800000000000008e-01,1.013300000000000034e-01,1.750699999999999923e+00
2.000000000000000000e+00,6.078400000000000469e-01,1.176600000000000007e-01,8.801099999999999479e-01,3.197900000000000187e-01,1.015100000000000030e-01,1.749100000000000099e+00
2.000000000000000000e+00,6.078400000000000469e-01,1.176600000000000007e-01,8.801099999999999479e-01,3.197900000000000187e-01,1.015100000000000030e-01,1.749100000000000099e+00
2.000000000000000000e+00,6.078400000000000469e-01,1.176600000000000007e-01,8.801099999999999479e-01,3.197900000000000187e-01,1.015100000000000030e-01,1.749100000000000099e+00
2.000000000000000000e+00,6.078400000000000469e-01,1.176600000000000007e-01,8.800999999999999934e-01,3.197999999999999732e-01,1.015100000000000030e-01,1.749000000000000110e+00
1.993000000000000105e+00,6.088099999999999623e-01,1.176500000000000046e-01,8.778799999999999937e-01,3.202900000000000191e-01,1.020599999999999979e-01,1.708499999999999908e+00
2.000000000000000000e+00,6.078400000000000469e-01,1.176600000000000007e-01,8.801099999999999479e-01,3.197900000000000187e-01,1.015100000000000030e-01,1.749100000000000099e+00
2.000000000000000000e+00,6.078400000000000469e-01,1.176600000000000007e-01,8.801099999999999479e-01,3.197900000000000187e-01,1.015100000000000030e-01,1.749100000000000099e+00
2.000000000000000000e+00,6.078400000000000469e-01,1.176600000000000007e-01,8.801099999999999479e-01,3.197900000000000187e-01,1.015100000000000030e-01,1.749100000000000099e+00
1.998699999999999921e+00,6.079999999999999849e-01,1.176699999999999968e-01,8.795899999999999830e-01,3.199699999999999767e-01,1.015999999999999959e-01,1.742199999999999971e+00
1.998599999999999932e+00,6.080299999999999594e-01,1.176500000000000046e-01,8.782799999999999496e-01,3.209699999999999775e-01,1.014400000000000024e-01,1.743000000000000105e+00
2.000000000000000000e+00,6.078400000000000469e-01,1.176600000000000007e-01,8.799900000000000500e-01,3.198599999999999777e-01,1.015100000000000030e-01,1.748899999999999899e+00
2.000000000000000000e+00,6.078400000000000469e-01,1.176600000000000007e-01,8.800999999999999934e-01,3.197900000000000187e-01,1.015100000000000030e-01,1.749000000000000110e+00
2.000000000000000000e+00,6.078400000000000469e-01,1.176600000000000007e-01,8.800700000000000189e-01,3.198199999999999932e-01,1.015100000000000030e-01,1.749000000000000110e+00
1.999900000000000011e+00,6.078400000000000469e-01,1.176600000000000007e-01,8.800599999999999534e-01,3.198199999999999932e-01,1.015100000000000030e-01,1.748799999999999910e+00
1.999900000000000011e+00,6.078400000000000469e-01,1.176699999999999968e-01,8.797500000000000320e-01,3.199000000000000177e-01,1.015899999999999997e-01,1.746499999999999941e+00
1.999900000000000011e+00,6.078500000000000014e-01,1.176600000000000007e-01,8.800299999999999789e-01,3.198099999999999832e-01,1.015100000000000030e-01,1.748399999999999954e+00
2.000000000000000000e+00,6.078400000000000469e-01,1.176600000000000007e-01,8.801099999999999479e-01,3.197900000000000187e-01,1.015100000000000030e-01,1.749000000000000110e+00
2.000000000000000000e+00,6.078500000000000014e-01,1.176399999999999946e-01,8.783900000000000041e-01,3.210100000000000176e-01,1.014100000000000001e-01,1.749200000000000088e+00
2.000000000000000000e+00,6.078400000000000469e-01,1.176600000000000007e-01,8.801099999999999479e-01,3.197900000000000187e-01,1.015100000000000030e-01,1.749100000000000099e+00
2.000000000000000000e+00,6.078400000000000469e-01,1.176600000000000007e-01,8.801099999999999479e-01,3.197900000000000187e-01,1.015100000000000030e-01,1.749100000000000099e+00
2.000000000000000000e+00,6.078400000000000469e-01,1.176600000000000007e-01,8.800900000000000389e-01,3.197999999999999732e-01,1.015100000000000030e-01,1.749000000000000110e+00
2.000000000000000000e+00,6.078400000000000469e-01,1.176600000000000007e-01,8.801099999999999479e-01,3.197900000000000187e-01,1.015100000000000030e-01,1.749100000000000099e+00
1.998699999999999921e+00,6.079999999999999849e-01,1.176699999999999968e-01,8.796599999999999975e-01,3.198599999999999777e-01,1.016600000000000004e-01,1.741400000000000059e+00
2.000000000000000000e+00,6.078400000000000469e-01,1.176600000000000007e-01,8.801099999999999479e-01,3.197900000000000187e-01,1.015100000000000030e-01,1.749100000000000099e+00
1.999700000000000033e+00,6.078599999999999559e-01,1.176600000000000007e-01,8.798099999999999810e-01,3.199500000000000122e-01,1.015199999999999991e-01,1.747600000000000042e+00
1.998699999999999921e+00,6.080200000000000049e-01,1.176500000000000046e-01,8.792400000000000215e-01,3.201399999999999801e-01,1.016299999999999981e-01,1.740899999999999892e+00
2.000000000000000000e+00,6.078400000000000469e-01,1.176600000000000007e-01,8.800999999999999934e-01,3.197900000000000187e-01,1.015100000000000030e-01,1.749100000000000099e+00
2.000000000000000000e+00,6.078400000000000469e-01,1.176600000000000007e-01,8.800900000000000389e-01,3.197999999999999732e-01,1.015100000000000030e-01,1.748899999999999899e+00
2.000000000000000000e+00,6.078400000000000469e-01,1.176600000000000007e-01,8.800099999999999589e-01,3.198400000000000132e-01,1.015199999999999991e-01,1.748899999999999899e+00
2.000000000000000000e+00,6.078400000000000469e-01,1.176600000000000007e-01,8.801099999999999479e-01,3.197900000000000187e-01,1.015100000000000030e-01,1.749100000000000099e+00
2.000000000000000000e+00,6.078400000000000469e-01,1.176600000000000007e-01,8.801099999999999479e-01,3.197900000000000187e-01,1.015100000000000030e-01,1.749100000000000099e+00
1.999700000000000033e+00,6.078700000000000214e-01,1.176600000000000007e-01,8.800499999999999989e-01,3.197999999999999732e-01,1.015299999999999953e-01,1.747800000000000020e+00
2.000000000000000000e+00,6.078400000000000469e-01,1.176600000000000007e-01,8.801099999999999479e-01,3.197900000000000187e-01,1.015100000000000030e-01,1.749100000000000099e+00
1.999700000000000033e+00,6.078700000000000214e-01,1.176600000000000007e-01,8.799799999999999844e-01,3.198300000000000032e-01,1.015299999999999953e-01,1.747800000000000020e+00
1.999700000000000033e+00,6.078700000000000214e-01,1.176600000000000007e-01,8.799400000000000555e-01,3.198699999999999877e-01,1.015199999999999991e-01,1.747800000000000020e+00
2.000000000000000000e+00,6.078400000000000469e-01,1.176600000000000007e-01,8.801099999999999479e-01,3.197900000000000187e-01,1.015100000000000030e-01,1.749100000000000099e+00
2.000000000000000000e+00,6.078400000000000469e-01,1.176600000000000007e-01,8.801099999999999479e-01,3.197900000000000187e-01,1.015100000000000030e-01,1.749100000000000099e+00
1.998599999999999932e+00,6.080200000000000049e-01,1.176600000000000007e-01,8.780299999999999772e-01,3.209799999999999875e-01,1.015500000000000014e-01,1.741500000000000048e+00
1.998699999999999921e+00,6.079999999999999849e-01,1.176699999999999968e-01,8.791299999999999670e-01,3.201399999999999801e-01,1.017200000000000049e-01,1.742899999999999894e+00
1.999900000000000011e+00,6.078500000000000014e-01,1.176600000000000007e-01,8.800499999999999989e-01,3.197999999999999732e-01,1.015199999999999991e-01,1.747700000000000031e+00
2.000000000000000000e+00,6.078400000000000469e-01,1.176600000000000007e-01,8.801099999999999479e-01,3.197900000000000187e-01,1.015100000000000030e-01,1.749100000000000099e+00
2.000000000000000000e+00,6.078400000000000469e-01,1.176600000000000007e-01,8.800000000000000044e-01,3.198500000000000232e-01,1.015199999999999991e-01,1.749100000000000099e+00
