theta1,theta2,theta3,theta4,theta5,theta6,theta7,LogLikelihood,AIC,BIC
1.99858325859757,0.60799483171624,0.117688961638244,0.871200247200313,0.325841316873869,0.101156530024667,1.7426119515832,2309.0799566318,-4604.15991326361,-4576.86063178853
1.99999997396138,0.607835993897183,0.117657117701059,0.880111532268717,0.319789885242548,0.101507917791816,1.74909708272367,2309.08216994861,-4604.16433989722,-4576.86505842215
1.99998467245338,0.607836664434335,0.117659034599606,0.880061652634895,0.319814600790435,0.101510784465634,1.74894160748515,2309.08214417097,-4604.16428834194,-4576.86500686686
1.99998434554216,0.607836661024576,0.1176585425521,0.880086885234134,0.3197996820119,0.101512015790357,1.74891809314317,2309.08214085208,-4604.16428170416,-4576.86500022908
1.99999986944376,0.607836007935028,0.117657117951734,0.880111490517863,0.319789898957726,0.101507927752238,1.74909666609719,2309.08216974134,-4604.16433948267,-4576.8650580076
1.99998698702975,0.607837577887256,0.117657279924053,0.880098873788266,0.319794489928941,0.101509555298318,1.74903305205265,2309.08214497445,-4604.16428994891,-4576.86500847383
1.99866773324412,0.608023434606888,0.117648795964444,0.87936672965887,0.320035104145336,0.101675118752669,1.74179135905325,2309.07947894449,-4604.15895788899,-4576.85967641391
1.99973879084932,0.6078676300047,0.117660325366622,0.879871826302265,0.31992677109172,0.101511390565948,1.7477674065451,2309.08166389441,-4604.16332778882,-4576.86404631375
1.99869626903039,0.608016383571046,0.117656166012569,0.879592487102511,0.319917028596698,0.101612353559232,1.74256535627001,2309.07952870093,-4604.15905740186,-4576.85977592679
1.99999986962914,0.607836038908599,0.117657098218576,0.880110467867463,0.319790576366757,0.101507920315206,1.74909687657325,2309.08216984964,-4604.16433969927,-4576.8650582242
1.99998700823968,0.607836659391454,0.117658379613355,0.880066665535235,0.31981712357294,0.101509215253905,1.74904852636668,2309.08214841182,-4604.16429682363,-4576.86501534855
1.99998698671108,0.607837911159438,0.117656952383049,0.880107936664571,0.319789859468712,0.101509672258995,1.74903051645817,2309.08214401884,-4604.16428803768,-4576.8650065626
1.99999986938954,0.607836020958809,0.117657104600182,0.880111136538148,0.319790135434613,0.101507914369593,1.74909656000726,2309.08216977858,-4604.16433955717,-4576.86505808209
1.99993599446202,0.607834952502401,0.117665359688822,0.87990187304608,0.31994428174181,0.101484209939973,1.74895064722697,2309.08206219044,-4604.16412438087,-4576.86484290579
1.99987623923815,0.607845021355006,0.117665599101761,0.879027430495399,0.320557553792661,0.101437821403304,1.74877041859885,2309.08203000788,-4604.16406001576,-4576.86477854068
1.99998698860463,0.607837733281358,0.117657166029739,0.88010557286108,0.319789720975068,0.101510829707802,1.74904318563446,2309.08214427225,-4604.1642885445,-4576.86500706942
1.99993456135716,0.607848295670744,0.11765319046351,0.880024958898174,0.319830916878851,0.101513309986214,1.7489304379668,2309.08204647634,-4604.16409295269,-4576.86481147761
1.99998387028345,0.607837852006951,0.117657626855364,0.880069914523601,0.319812514866356,0.101510256998273,1.74898790592618,2309.08214170267,-4604.16428340534,-4576.86500193026
1.99999730783006,0.60783724711772,0.117656206717038,0.880108600954851,0.319791442115801,0.101507948974557,1.74907649757961,2309.08216485704,-4604.16432971408,-4576.865048239
1.99989209507044,0.607842733387868,0.11766621354401,0.879985674635016,0.319835238492241,0.101517615329381,1.74775582815685,2309.08196236836,-4604.16392473673,-4576.86464326165
1.99865667104468,0.608007926122126,0.117672572253852,0.87956885443642,0.319921942313573,0.101637801242523,1.74185324879465,2309.07943872449,-4604.15887744898,-4576.85959597391
1.99998374635477,0.607845432182829,0.117650156899082,0.880012238616076,0.319854859771934,0.101495267079577,1.74887746203693,2309.0821473617,-4604.16429472339,-4576.86501324831
1.99998698232223,0.607837460484621,0.117657395011982,0.880104025772018,0.319793306225093,0.101508703773917,1.74904867366414,2309.08214442522,-4604.16428885043,-4576.86500737535
1.99866315712605,0.608039239103052,0.117637156728663,0.879761703316142,0.319768403333034,0.101651261190942,1.7395265304939,2309.07938762681,-4604.15877525363,-4576.85949377855
1.99985236789265,0.607796325616883,0.117713766421245,0.879124433284726,0.320322513122277,0.101562772775215,1.74785937116255,2309.08196483001,-4604.16392966002,-4576.86464818494
1.99998414545846,0.60784133535035,0.11765376417805,0.880021359222028,0.319849778248382,0.101498442831426,1.74879242253309,2309.08214723868,-4604.16429447736,-4576.86501300228
1.99999739710231,0.607836331767534,0.117657128787808,0.880110895689477,0.319789935963796,0.1015081681738,1.74908480699669,2309.08216479664,-4604.16432959328,-4576.8650481182
1.99993489513881,0.607848891274377,0.117652527940675,0.880061918050556,0.319806539905421,0.101514659173637,1.74884380348782,2309.08204323877,-4604.16408647754,-4576.86480500247
1.99998698908199,0.607837776735243,0.117657088760059,0.8801058533611,0.319791628992516,0.101508697562265,1.74903059837675,2309.0821442437,-4604.16428848739,-4576.86500701232
1.99998463734677,0.607842543413186,0.117652621801374,0.880007496208702,0.319859393107256,0.101500497794511,1.7488896553139,2309.08214975876,-4604.16429951752,-4576.86501804244
1.99998607620512,0.607829928606122,0.117665043223,0.88005031698824,0.319818854398846,0.101512480338585,1.74893858457073,2309.08214814769,-4604.16429629537,-4576.86501482029
1.99993467824541,0.60784511275821,0.117657332737981,0.880025406404231,0.319836926410804,0.101511884427887,1.74892323918247,2309.08204671325,-4604.1640934265,-4576.86481195142
1.99973874177133,0.60786759142839,0.117661393793862,0.880044544804309,0.319804518036195,0.10152470372226,1.74782146601911,2309.08164587316,-4604.16329174633,-4576.86401027125
1.99863760435918,0.608014602305332,0.117666763995503,0.879024522748411,0.320268736806337,0.101612895936663,1.7411998584075,2309.07944276825,-4604.1588855365,-4576.85960406142
1.99999986985423,0.607836007523497,0.117657118232917,0.880111537933732,0.319789864933196,0.101507929913643,1.74909669123469,2309.08216973716,-4604.16433947433,-4576.86505799925
1.9986775751248,0.607991785972767,0.117683404229383,0.879501524692206,0.31995464045004,0.101643743913158,1.74156726614146,2309.07948224186,-4604.15896448372,-4576.85968300865
1.99866490516341,0.607991774237863,0.117685234355759,0.879629641313524,0.319914312427767,0.101614825395246,1.74130978476758,2309.07944054757,-4604.15888109515,-4576.85959962007
1.99870164981924,0.608008732150945,0.117662083369179,0.879574541336033,0.319989369777515,0.101588778237014,1.74311632708651,2309.07955108604,-4604.15910217208,-4576.859820697
1.9997396339233,0.607870874113553,0.117658356388332,0.880021785241448,0.319818902574972,0.101526923970878,1.74794823928674,2309.08165042986,-4604.16330085973,-4576.86401938465
1.99870337281367,0.608000950680862,0.117666499425258,0.876266782232167,0.322331290642558,0.101339083935285,1.74224212927162,2309.07984673533,-4604.15969347067,-4576.86041199559
1.99998511774128,0.607840827573836,0.11765419223872,0.880002265791473,0.319853120318836,0.101513533293544,1.74888635368797,2309.08215128041,-4604.16430256082,-4576.86502108574
1.99998393046339,0.607841958798263,0.117653247171819,0.880085106234595,0.319802831198648,0.10150828876387,1.74890162264371,2309.08214018352,-4604.16428036703,-4576.86499889196
1.99998696207637,0.607838053954597,0.117656821408585,0.880096806447994,0.319797233786543,0.10150912154402,1.74905518348987,2309.08214514584,-4604.16429029167,-4576.8650088166
1.99998337841274,0.607824266681313,0.117672421337836,0.878552871068828,0.320900284837977,0.101412646342193,1.74921799719184,2309.08229348155,-4604.16458696311,-4576.86530548803
1.99999986961749,0.607836012349335,0.117657116683405,0.880111352872415,0.319789970665416,0.101507924284642,1.74909624411869,2309.08216975621,-4604.16433951243,-4576.86505803735
1.9999869860093,0.607837955390553,0.117657020761315,0.880104936933899,0.31979209402962,0.101508835081665,1.74903210930799,2309.08214433426,-4604.16428866852,-4576.86500719344
1.99998597123816,0.607839367654521,0.11765562643392,0.879964711094128,0.319882874707648,0.101508566459675,1.74885527587629,2309.08215694378,-4604.16431388756,-4576.86503241248
1.99998698247816,0.607837698220991,0.117657197822555,0.880104647782672,0.319793247934253,0.10150837182772,1.74902761146828,2309.08214435722,-4604.16428871444,-4576.86500723936
1.99999986951215,0.607836009282823,0.117657116152471,0.880111201095925,0.319790135305177,0.101507854963949,1.74909713023425,2309.08216977202,-4604.16433954404,-4576.86505806896
1.99999986985425,0.607836011222361,0.117657114601739,0.880111256455708,0.319790065461103,0.10150791479729,1.74909680501407,2309.08216976687,-4604.16433953374,-4576.86505805866
1.99865391641051,0.607991615478007,0.117688459180907,0.877456654699799,0.321470705220937,0.101470384368526,1.74085169191395,2309.07961937979,-4604.15923875959,-4576.85995728451
1.99867654195508,0.607984051276103,0.11768871233294,0.879741238760573,0.319798509191339,0.101604844615845,1.74077747387276,2309.07944124363,-4604.15888248727,-4576.85960101219
1.99998469864476,0.607835157131877,0.117659001620245,0.880110318740334,0.319781364855919,0.101512716981914,1.74895866484589,2309.08213909331,-4604.16427818662,-4576.86499671155
1.99866092736326,0.607999700862542,0.117676652956987,0.879615989825916,0.31988973973168,0.10164238566782,1.74140877655185,2309.07943491304,-4604.15886982607,-4576.85958835099
1.99999997395918,0.607835994182462,0.117657117443444,0.880111557098811,0.319789869662207,0.101507917850379,1.74909719814979,2309.08216994599,-4604.16433989198,-4576.8650584169
1.99998697917011,0.60783768786976,0.117657206140765,0.880105185761324,0.319792240509062,0.101508916667299,1.74903098555719,2309.08214429417,-4604.16428858833,-4576.86500711326
1.99998361294818,0.6078350689714,0.11765924109693,0.879976747097926,0.319877137755853,0.101506264155024,1.7490870906786,2309.08215096578,-4604.16430193157,-4576.86502045649
1.99870071856535,0.607994640848188,0.117674102120738,0.879603592794895,0.319941969228143,0.101599267552272,1.74336702634904,2309.07954832996,-4604.15909665992,-4576.85981518485
1.99998078060044,0.607848246047882,0.117647362785188,0.879251971899863,0.32040187899764,0.101452580099323,1.74943515483305,2309.08221943148,-4604.16443886297,-4576.86515738789
1.99973924874943,0.607868800999712,0.117658718045045,0.879989483855764,0.319833897430521,0.101528711819026,1.74773253184582,2309.08165237534,-4604.16330475068,-4576.8640232756
1.99998699557729,0.607838203580917,0.117656643478785,0.880058648056044,0.319827728941338,0.101503649003774,1.74906275985814,2309.08214923366,-4604.16429846732,-4576.86501699224
1.9987003924172,0.607986017809118,0.117683843547495,0.879633595313084,0.319961149672264,0.101561846756771,1.74339335036053,2309.0795454897,-4604.1590909794,-4576.85980950433
1.99991097903195,0.607855926082146,0.117650200685271,0.880059098742521,0.319779454725636,0.101531781540318,1.74761483320914,2309.08199251644,-4604.16398503288,-4576.8647035578
1.99999947941726,0.607836058055555,0.117657121149366,0.880111447962883,0.319789883677175,0.101507954487934,1.74909482204158,2309.08216895589,-4604.16433791179,-4576.86505643671
1.99993534519499,0.607844332085142,0.117657666701358,0.880090406369468,0.319791274073742,0.101517758197344,1.74879109047309,2309.08204115032,-4604.16408230065,-4576.86480082557
1.99864184221679,0.607996308978372,0.11768461049967,0.879199859967566,0.320234362876983,0.101554634736864,1.74185333079594,2309.07944723682,-4604.15889447363,-4576.85961299856
1.99864548540037,0.608047203346904,0.117629197217295,0.879307654779497,0.320025692994938,0.101675277835629,1.73739307461872,2309.07934357949,-4604.15868715898,-4576.8594056839
1.99868653257997,0.60799497042128,0.117676307875712,0.879538038875585,0.31988931187867,0.101673106252997,1.7400200318574,2309.07946624165,-4604.15893248331,-4576.85965100823
1.99993515398308,0.607846128059944,0.117656932116907,0.880051925798699,0.319820626069302,0.101510946597972,1.74877972188012,2309.08204480898,-4604.16408961796,-4576.86480814288
1.99865110482582,0.608016696257553,0.117659994006815,0.879537426166447,0.319963583928919,0.101619827821596,1.74211162908742,2309.07943609911,-4604.15887219821,-4576.85959072314
1.99998452116511,0.607841872465019,0.117653349705579,0.880052112999042,0.319819167456083,0.101515077426378,1.74888175513112,2309.08214483133,-4604.16428966266,-4576.86500818758
1.99989987462253,0.607850076206115,0.117657350240329,0.880034368279247,0.319810879513121,0.101525349254431,1.74788654631683,2309.08197356921,-4604.16394713841,-4576.86466566333
1.99998708745391,0.607846086487827,0.117648599060489,0.87993663054167,0.319895679998725,0.101512463909914,1.74883642206834,2309.08216205792,-4604.16432411584,-4576.86504264077
1.99999986985465,0.607836038702516,0.117657089198762,0.880110481845458,0.319790489842655,0.101508002709603,1.74909721229989,2309.08216984862,-4604.16433969723,-4576.86505822216
1.9986502254885,0.608015320101948,0.117659872917604,0.87960899259186,0.319979715376198,0.101582436341529,1.74306374341816,2309.07944275807,-4604.15888551614,-4576.85960404106
1.99869710355817,0.6080264273357,0.117642663142033,0.87964408608105,0.319808042085673,0.101710504836014,1.74055810446898,2309.07948647675,-4604.15897295351,-4576.85969147843
1.99998698733743,0.60783782989263,0.117657021182766,0.88010327121632,0.319793279676294,0.101509209908392,1.74903376334821,2309.08214451296,-4604.16428902591,-4576.86500755084
1.9986563620578,0.608020144294817,0.117658479416979,0.879624550717363,0.319946642047373,0.101593784912994,1.74244896645925,2309.07944434791,-4604.15888869582,-4576.85960722074
1.99993493605134,0.607843889958129,0.117658180233951,0.880095726782143,0.319791408969472,0.101513353951883,1.74878817832735,2309.08203977057,-4604.16407954114,-4576.86479806606
1.99999986950169,0.607836012261996,0.117657113331776,0.880111487972402,0.319789900316986,0.101507926927342,1.74909671444037,2309.08216974172,-4604.16433948345,-4576.86505800837
1.99999986985423,0.607836007966978,0.11765711786323,0.88011153676433,0.319789867411068,0.101507930045855,1.74909668298318,2309.08216973729,-4604.16433947457,-4576.8650579995
1.99998698455026,0.607837415250824,0.117657470111143,0.880101043921822,0.319794995552387,0.101509056443472,1.74905343384342,2309.08214474452,-4604.16428948905,-4576.86500801397
1.99998698684643,0.607837812907724,0.117657246517553,0.880104784226717,0.319792946170998,0.101508595331803,1.74902929934868,2309.08214435165,-4604.16428870329,-4576.86500722821
1.99990339837992,0.60784610130241,0.117660753125674,0.879965449456955,0.319841065827017,0.101527825193993,1.74741739976252,2309.08198628344,-4604.16397256687,-4576.8646910918
1.99999986985422,0.607836007379741,0.117657118480213,0.880111539428035,0.319789869726675,0.101507925350583,1.7490966987854,2309.08216973701,-4604.16433947401,-4576.86505799893
1.99865706041155,0.607977994975628,0.117698969835488,0.879299352313347,0.320048629404459,0.101616821786972,1.74023321869836,2309.07943265954,-4604.15886531908,-4576.859583844
1.999997396939,0.607836356302294,0.117657108711611,0.880110666232771,0.319790087459016,0.101508160442961,1.74908460804009,2309.08216482052,-4604.16432964104,-4576.86504816596
1.99865325945027,0.60804413395168,0.117635232166646,0.879074248523807,0.320250632247251,0.101616226500431,1.74257342522988,2309.07949265952,-4604.15898531904,-4576.85970384397
1.99998441973832,0.607836401949885,0.117658886804022,0.880042853756525,0.319825892506386,0.101514006485608,1.7487962931774,2309.08214556036,-4604.16429112071,-4576.86500964563
1.99999997397084,0.607835994864762,0.11765711687863,0.880111547125064,0.319789878625704,0.101507916333159,1.74909716380152,2309.08216994706,-4604.16433989413,-4576.86505841905
1.99866162259406,0.608010911053688,0.117663495585675,0.879695823818469,0.31987948747171,0.101626791662014,1.74241395415701,2309.07944610905,-4604.1588922181,-4576.85961074302
1.99865436250918,0.60802362057231,0.117655199808209,0.879610532729748,0.319902361296211,0.101623181322877,1.74149755387807,2309.07942486947,-4604.15884973893,-4576.85956826386
1.99993469746904,0.607842063773907,0.11766087507255,0.880090013007976,0.31979756475669,0.101508715171978,1.74887303441291,2309.08203992141,-4604.16407984283,-4576.86479836775
1.99983725000694,0.607845817433268,0.117666979589883,0.877893085197768,0.321363475163879,0.101358604017963,1.74796574049359,2309.08205768921,-4604.16411537841,-4576.86483390334
1.99865933500989,0.608016515594113,0.117658219434133,0.879532144925843,0.319949071635512,0.101638441044051,1.74120901250831,2309.07943732085,-4604.15887464171,-4576.85959316663
1.99998536261245,0.607844181388487,0.117649541158231,0.880057216026306,0.319819593140117,0.101507766281765,1.74881112579277,2309.08214592084,-4604.16429184168,-4576.8650103666
1.99998697982044,0.607837684388161,0.117657191845908,0.880107985103878,0.319790512112637,0.101508891605395,1.74902972031798,2309.08214399999,-4604.16428799999,-4576.86500652491
1.99998451704336,0.607839047528088,0.117655493261846,0.879984715010388,0.319866151880952,0.101503368113438,1.74890388813186,2309.08215188821,-4604.16430377642,-4576.86502230134
1.99867349269863,0.608011387669289,0.117660314151383,0.879120389385142,0.320263920432153,0.101608184239386,1.74250544639886,2309.07952958146,-4604.15905916293,-4576.85977768785
1.99991375775756,0.607852212566705,0.117654678975202,0.880074579453092,0.319770836771026,0.101523574217118,1.74775343321698,2309.08199691878,-4604.16399383756,-4576.86471236248
1.99993497210093,0.607841972756574,0.117660016842736,0.878700435967152,0.320780377057369,0.101431726194613,1.74889707672571,2309.08218137931,-4604.16436275861,-4576.86508128353
1.99999997397084,0.607835994138892,0.117657117473557,0.880111564316249,0.319789865891228,0.101507917482509,1.74909720730057,2309.08216994525,-4604.1643398905,-4576.86505841542
1.99998698106641,0.607837944661551,0.117656972137005,0.880106410480729,0.31979158144828,0.10150893107438,1.7490308832101,2309.08214416882,-4604.16428833764,-4576.86500686257
1.99999739703757,0.607836396155265,0.117657066432792,0.880110466978107,0.319790258496688,0.101508134514249,1.74908485111416,2309.08216484175,-4604.16432968351,-4576.86504820843
1.99999986985422,0.607836007593944,0.117657118222108,0.880111538543436,0.319789870105261,0.101507925686646,1.74909670575647,2309.0821697371,-4604.1643394742,-4576.86505799912
1.99354558388604,0.608624411865167,0.117755225117871,0.878184612057111,0.320350819085418,0.101937346679239,1.72173905151153,2309.06832759966,-4604.13665519932,-4576.83737372424
1.99998698167991,0.607837823700878,0.11765706214724,0.880102179322477,0.319794441928623,0.101508467399867,1.74903204077469,2309.08214461663,-4604.16428923327,-4576.86500775819
1.99993491294451,0.60784421890211,0.117657809034543,0.880064839947913,0.319809796191589,0.101515478154789,1.74878068224823,2309.08204296443,-4604.16408592886,-4576.86480445378
1.99988674846828,0.607854142501888,0.117652989654413,0.879939796590307,0.319880838686,0.101511209183828,1.7477793516333,2309.08195657367,-4604.16391314733,-4576.86463167225
1.99973828771508,0.607868373525256,0.117660361002469,0.879968449843235,0.319851693028081,0.101523078072782,1.74802515593161,2309.08165346932,-4604.16330693864,-4576.86402546356
1.99990546604126,0.607848447536099,0.117657383710485,0.880039931511714,0.31978662053692,0.1015427165469,1.74746016343033,2309.08198276861,-4604.16396553723,-4576.86468406215
1.99998586221652,0.607835178711566,0.117659920758492,0.880043216948477,0.319827966225937,0.101511595690228,1.74891447282524,2309.08214851119,-4604.16429702239,-4576.86501554731
1.99861494452585,0.60797393487911,0.117710664973898,0.878527100136379,0.320761889005456,0.101444828863467,1.74377727762139,2309.07948299276,-4604.15896598551,-4576.85968451043
1.99999986985421,0.607836006805843,0.117657118999496,0.880111554316036,0.319789860017675,0.101507926563064,1.74909672388263,2309.08216973543,-4604.16433947087,-4576.86505799579
1.99998430926313,0.6078404075776,0.117654382056506,0.880110204593539,0.319785912793579,0.101507261168969,1.74895934721626,2309.08213832275,-4604.1642766455,-4576.86499517042
1.99999986985428,0.607836008433201,0.117657117128978,0.880111470435645,0.319789917190197,0.101507922319843,1.74909669828786,2309.08216974429,-4604.16433948858,-4576.8650580135
1.99993498811706,0.607842427735238,0.117659404090723,0.880090515679432,0.319794912026499,0.101512716662126,1.74880369416415,2309.08204043167,-4604.16408086335,-4576.86479938827
1.99998319751131,0.607837789988287,0.117657607912192,0.880054586312373,0.319826498991146,0.101507020888935,1.74897213206373,2309.0821419523,-4604.1642839046,-4576.86500242953
1.99998699068,0.607837943964077,0.117656944903544,0.880104735568332,0.319791701174222,0.101509432667289,1.74902686396251,2309.08214436399,-4604.16428872798,-4576.86500725291
1.99998562112335,0.607838844912287,0.117654436430474,0.880010894364533,0.319847136255272,0.10150739125821,1.74889076566967,2309.08215136338,-4604.16430272676,-4576.86502125168
1.99985517802931,0.607856557773614,0.117655920556321,0.879510456638109,0.320078099493975,0.101536596172039,1.74722394749665,2309.08193262911,-4604.16386525823,-4576.86458378315
1.99998451758198,0.607841639614989,0.117653236959834,0.880100903395485,0.319787580485066,0.101515538976588,1.74891323768784,2309.08213970348,-4604.16427940695,-4576.86499793187
1.99993493693323,0.607843756615419,0.11765811634487,0.880092748647946,0.319792993764545,0.101513934582336,1.74878988218102,2309.08204008623,-4604.16408017245,-4576.86479869737
1.99998698222073,0.607837819639602,0.117657091794703,0.880108462456154,0.319790492693452,0.101508515299287,1.74904007050482,2309.08214395606,-4604.16428791212,-4576.86500643704
1.99867977236324,0.60799581534612,0.117679487933886,0.879097330361079,0.320255470994958,0.101605331856724,1.74123288317286,2309.0795226769,-4604.1590453538,-4576.85976387872
1.99999739693077,0.607836339842774,0.117657119895663,0.880110767701549,0.319790051210171,0.101508125028626,1.74908454032202,2309.08216480979,-4604.16432961959,-4576.86504814451
1.99998698678837,0.607837480395404,0.11765747815639,0.880104690349304,0.319791615652528,0.10150937891629,1.74903383103205,2309.08214436161,-4604.16428872323,-4576.86500724815
1.99999722229996,0.607836190539625,0.117657300232542,0.880090102232523,0.319803765300031,0.10150775941013,1.74907962027077,2309.08216663552,-4604.16433327105,-4576.86505179597
1.99993501820131,0.60784214380503,0.11766034127468,0.880019543535052,0.319837843637987,0.101515737190335,1.74882222286159,2309.08204794606,-4604.16409589212,-4576.86481441704
1.99998004190123,0.607839552556195,0.117656288430985,0.880038449171903,0.319844123629475,0.101501393044118,1.74911775156961,2309.08213727402,-4604.16427454803,-4576.86499307295
1.99999986956432,0.607836022130823,0.117657102271548,0.880111418806932,0.319789952071408,0.101507916141634,1.74909639085627,2309.08216974915,-4604.1643394983,-4576.86505802322
1.99998555508489,0.607831417929428,0.117662671364716,0.880091034156379,0.319799659446728,0.101504814199189,1.74889504208221,2309.08214280937,-4604.16428561873,-4576.86500414366
1.99992912444284,0.607807275215078,0.117695893395985,0.879560030357,0.320003648610696,0.101636560452506,1.74707153757108,2309.08207344194,-4604.16414688388,-4576.8648654088
1.99999739692569,0.607836293070447,0.117657173441792,0.880110890100648,0.319789979999858,0.10150812333164,1.74908496529294,2309.08216479688,-4604.16432959375,-4576.86504811867
1.99999986962727,0.607836003503173,0.117657122281837,0.880111003934334,0.319790227836613,0.101507906356477,1.74909578978512,2309.08216979306,-4604.16433958612,-4576.86505811104
1.99998548136225,0.60784273613264,0.117652730835332,0.880067899024382,0.319783860045183,0.101537641160709,1.7489426225497,2309.0821449246,-4604.1642898492,-4576.86500837412
1.99993531143993,0.607841670477933,0.117659820175216,0.880035162717476,0.319820868328437,0.101512574271245,1.74876167869899,2309.08204680386,-4604.16409360771,-4576.86481213263
1.99999739690926,0.607836317813531,0.117657148843642,0.880110924432247,0.319789969716676,0.101508116297493,1.74908455457973,2309.08216479321,-4604.16432958642,-4576.86504811134
1.99998127017353,0.607836651997539,0.117659095867187,0.880079705468655,0.319806403550882,0.101508653452046,1.74893326349387,2309.0821353858,-4604.16427077161,-4576.86498929653
1.99999986956908,0.607836013369353,0.117657112087518,0.880111006667942,0.31979021639965,0.101507919274777,1.74909606515803,2309.08216979265,-4604.16433958531,-4576.86505811023
1.99998295902857,0.607838500571099,0.117657288270653,0.878869104780851,0.320680185506582,0.101427693533345,1.74948735387322,2309.08226190417,-4604.16452380834,-4576.86524233326
1.99998395492524,0.60783849481066,0.117656073915996,0.880052681076071,0.319816563396135,0.101511488868864,1.74887653906225,2309.08214361761,-4604.16428723521,-4576.86500576013
1.99986883684251,0.607854264323352,0.117659495732431,0.879661955971721,0.320046707543256,0.101518743891453,1.74887660445497,2309.08195057394,-4604.16390114787,-4576.8646196728
1.99998418086846,0.607838147494781,0.117657021863212,0.879992465446533,0.319864138731662,0.101506968798104,1.74869585244635,2309.08215029602,-4604.16430059205,-4576.86501911697
1.99998438765053,0.607837619351679,0.11765763775998,0.880004710824559,0.319845424581012,0.101513844658407,1.74897955678725,2309.08214955412,-4604.16429910823,-4576.86501763315
1.99999997395892,0.607835994094016,0.117657117516293,0.880111561227255,0.319789867191386,0.1015079173744,1.7490971210325,2309.08216994555,-4604.1643398911,-4576.86505841602
1.99868938006659,0.607997507720226,0.117673872988745,0.878728886695411,0.320385414057599,0.101705779312811,1.74318683812626,2309.07959984273,-4604.15919968547,-4576.85991821039
1.99999997397084,0.607835994066186,0.117657117576521,0.8801115646026,0.319789865534055,0.101507917640657,1.74909720048392,2309.08216994522,-4604.16433989044,-4576.86505841536
1.9986780886361,0.608016032539562,0.117657871938392,0.879678421814541,0.31988790020706,0.101604388268322,1.74231804294248,2309.07948045146,-4604.15896090292,-4576.85967942784
1.99999739691964,0.60783633216847,0.117657126208542,0.88011083371975,0.319790015018412,0.101508118050179,1.74908415223202,2309.08216480279,-4604.16432960559,-4576.86504813051
1.99999727656224,0.607836559564729,0.117656877119974,0.880108981961417,0.319790918490209,0.101508383505076,1.74908359496427,2309.08216475433,-4604.16432950866,-4576.86504803358
1.99999986962377,0.607836008049508,0.117657117923472,0.880111391987595,0.319789983733879,0.10150791558362,1.74909753116258,2309.0821697521,-4604.1643395042,-4576.86505802913
1.99998698182847,0.607837577163982,0.117657311766178,0.88010767590235,0.319790903947009,0.101508512062194,1.74904122841105,2309.08214403831,-4604.16428807661,-4576.86500660154
1.99998462970822,0.607834974069626,0.117660329412497,0.880091033208853,0.31979663938237,0.101512238880948,1.74892955466182,2309.0821409879,-4604.16428197579,-4576.86500050071
1.99998698568456,0.607837945434981,0.11765689617896,0.880107885282191,0.319789731117845,0.101509471153547,1.74903526698314,2309.08214402288,-4604.16428804576,-4576.86500657068
1.9999018235032,0.607852939358588,0.11765100956135,0.87972551839699,0.319924749132722,0.101576154699099,1.74666343505394,2309.08200296499,-4604.16400592997,-4576.8647244549
1.99993494016027,0.607841197877847,0.117660882680117,0.880085214580975,0.319802806415713,0.101509325382103,1.74882506536169,2309.08204090278,-4604.16408180556,-4576.86480033049
1.99864257009244,0.608012709361706,0.117663419111801,0.878589863696728,0.320625801986821,0.101562520485376,1.7413195492536,2309.07949971305,-4604.15899942609,-4576.85971795101
1.99999729308017,0.607836648642384,0.117656872228627,0.8801003479463,0.319797118002177,0.101507612485195,1.74907950602258,2309.08216569855,-4604.1643313971,-4576.86504992202
1.99999731065144,0.607836509553102,0.117656959490772,0.880097549711033,0.319799788666051,0.101506828990543,1.74907202925083,2309.08216602882,-4604.16433205764,-4576.86505058257
1.99998425459191,0.607838038713572,0.117657261031501,0.880082665153076,0.319806258567613,0.101509333264752,1.74902151253245,2309.08214114791,-4604.16428229581,-4576.86500082074
1.99998511169466,0.60784089905704,0.117653456434781,0.87982584749956,0.319976449459114,0.101504173945065,1.74878879011943,2309.08216962607,-4604.16433925213,-4576.86505777705
1.99999986957455,0.607836006008829,0.117657119885412,0.880111487276695,0.319789911013358,0.10150791804646,1.74909671834166,2309.08216974194,-4604.16433948389,-4576.86505800881
1.99999997395913,0.607835993678792,0.117657117984094,0.880111542857566,0.319789871568461,0.101507924864264,1.74909720589619,2309.08216994749,-4604.16433989498,-4576.8650584199
1.99998507269538,0.607834212578381,0.117661445403859,0.879857447937616,0.319963208440088,0.101498327424653,1.74896984514668,2309.08216636251,-4604.16433272502,-4576.86505124994
1.99993531295831,0.60784365123574,0.11765822076175,0.880092523401788,0.319794826878464,0.101510949588997,1.74881788413832,2309.08204089318,-4604.16408178636,-4576.86480031128
1.99993541455109,0.607844339791779,0.117657622040484,0.879767099260179,0.320035811862918,0.101480922118762,1.74865497604131,2309.08207490657,-4604.16414981314,-4576.86486833807
1.99973729566075,0.607870030572072,0.117658668320369,0.879704306562552,0.320044399019584,0.101509305326439,1.74815720331838,2309.08167925941,-4604.16335851882,-4576.86407704374
1.99999997397084,0.607835994161308,0.117657117457506,0.880111564245166,0.319789865707801,0.101507917676735,1.74909719825788,2309.08216994526,-4604.16433989051,-4576.86505841543
1.99993493405646,0.607843746521428,0.117658189415989,0.880094418760871,0.319793811754915,0.101512273094072,1.74879752563927,2309.08203991258,-4604.16407982515,-4576.86479835008
1.99998697857945,0.607837570257225,0.117657307706059,0.88010713940398,0.319791193920959,0.101509051224797,1.74905002943837,2309.08214408928,-4604.16428817857,-4576.86500670349
1.99993493528801,0.607844127808039,0.117657946318303,0.880094356910199,0.319793604845363,0.101512560160737,1.74878883493133,2309.08203991568,-4604.16407983135,-4576.86479835628
1.99999997397084,0.607835994189705,0.117657117417679,0.880111564872906,0.319789865384362,0.101507917633372,1.74909720071837,2309.08216994519,-4604.16433989038,-4576.8650584153
1.99981878755916,0.60790495900347,0.117615016091421,0.877419283357218,0.321665039586763,0.101321995807389,1.74681867398017,2309.08205635698,-4604.16411271397,-4576.86483123889
1.99864560379112,0.607993477871713,0.117681307791887,0.879608676088789,0.319923494875725,0.101615413956474,1.74222060714755,2309.07941875201,-4604.15883750402,-4576.85955602894
1.99866152627931,0.608015471363185,0.117662272810447,0.879412361273092,0.320055319357189,0.101604509061681,1.74126163249385,2309.07945580689,-4604.15891161378,-4576.8596301387
1.99864742762582,0.607994454144254,0.117685810812164,0.879697562528112,0.319896948803706,0.101607300494934,1.74306953784233,2309.07942639273,-4604.15885278546,-4576.85957131038
1.99999739684354,0.607836331576821,0.117657132319115,0.880110349577827,0.319790269368283,0.101508149479634,1.74908302965938,2309.08216485369,-4604.16432970738,-4576.86504823231
1.99999986955358,0.607836016663234,0.117657108945142,0.880111251857377,0.319790081672368,0.101507897755309,1.74909648452378,2309.08216976675,-4604.16433953349,-4576.86505805842
1.99999727926093,0.607835663956402,0.117657860172374,0.88009776745528,0.319797481974402,0.101508709723462,1.74907380827866,2309.08216594164,-4604.16433188329,-4576.86505040821
1.99987898312914,0.6078350303692,0.117674358424981,0.879727460711428,0.319963670297781,0.101540338065445,1.74738409043598,2309.08196052434,-4604.16392104868,-4576.8646395736
1.99866539666961,0.608020145522567,0.117654767380505,0.87928256983875,0.320143719372125,0.101608923965984,1.74153340282513,2309.07948147666,-4604.15896295332,-4576.85968147824
1.99999986955297,0.607836007642572,0.117657118249989,0.880111520654651,0.319789881153366,0.10150792543113,1.74909664406936,2309.08216973838,-4604.16433947675,-4576.86505800168
1.9986458977018,0.608011326374416,0.117662881685209,0.879818935941218,0.319779800987456,0.101623937422296,1.74262747974897,2309.07940462071,-4604.15880924142,-4576.85952776634
1.99866613083256,0.607996627282962,0.117679904359994,0.879626483292251,0.319909734484242,0.101629123117918,1.74096291874374,2309.07943680933,-4604.15887361866,-4576.85959214359
1.99998373853411,0.60783450465538,0.117661259905853,0.880122624947293,0.319777438098957,0.10151198172793,1.74898802606231,2309.08213586413,-4604.16427172825,-4576.86499025318
1.99998698643161,0.607837345318476,0.117657589829793,0.880106203255208,0.319791139751743,0.101509228826484,1.74903716466968,2309.082144202,-4604.164288404,-4576.86500692892
1.9998483260101,0.607831431906818,0.117681276936051,0.878636652068823,0.320746596862456,0.101436941622309,1.7482247559188,2309.08200858402,-4604.16401716804,-4576.86473569297
1.99861441489336,0.6079986749701,0.117685960325733,0.878035497844394,0.321054900169758,0.101495330344872,1.74279273480096,2309.07951895023,-4604.15903790045,-4576.85975642538
1.99998594978834,0.607839094794069,0.11765568055788,0.880005216515934,0.319856776847851,0.101507163939121,1.7488539734228,2309.08215265957,-4604.16430531913,-4576.86502384405
1.99868789554286,0.607996914796866,0.117674487775058,0.879758492654977,0.319795090174762,0.101642338022451,1.74164892350517,2309.07947942084,-4604.15895884168,-4576.8596773666
1.99999997397084,0.607835994160713,0.117657117446368,0.880111562773234,0.319789867014219,0.101507917452267,1.74909720540451,2309.08216994541,-4604.16433989082,-4576.86505841575
1.99865770818342,0.608012331554411,0.117661137436924,0.879745768343611,0.319828343149164,0.101605915080857,1.74159960665735,2309.07942001226,-4604.15884002452,-4576.85955854944
1.99998698041129,0.607837741107202,0.117657157825843,0.880107371658195,0.319790747281767,0.101509126843582,1.74903451947192,2309.08214406656,-4604.16428813311,-4576.86500665803
1.99998698182899,0.607837335972461,0.11765758423775,0.880103727129711,0.319792629599617,0.10150959171829,1.74903543142395,2309.08214445346,-4604.16428890693,-4576.86500743185
1.99866952088606,0.608014585982735,0.117662174387073,0.87962397466894,0.31989832079772,0.101635997670103,1.74145007970282,2309.07945314267,-4604.15890628535,-4576.85962481027
1.99998530525532,0.607836638968977,0.117657355972063,0.880072536184157,0.319804838356505,0.101514257440671,1.74895104359473,2309.08214429874,-4604.16428859747,-4576.8650071224
1.9999852937507,0.607838132653072,0.117656968828073,0.880029755596073,0.319841197094651,0.101506532209575,1.74879027605959,2309.08214871586,-4604.16429743171,-4576.86501595663
1.99989418344453,0.607842064943036,0.117665606654021,0.880040247289011,0.319802386848967,0.101527884148894,1.74781370468186,2309.08196113855,-4604.1639222771,-4576.86464080202
1.99989129378086,0.607847400189659,0.117660566318791,0.879961545352147,0.319841173842994,0.101544617430553,1.74817971957419,2309.08196427564,-4604.16392855128,-4576.8646470762
1.99999997395886,0.607835998173535,0.117657114108221,0.880111355299732,0.319789994870009,0.101507913659812,1.74909689002917,2309.08216996728,-4604.16433993457,-4576.86505845949
1.99989017141322,0.607856656058931,0.117651545377268,0.87990968916362,0.319857034263843,0.101551843395025,1.74793547838752,2309.08196661191,-4604.16393322382,-4576.86465174875
1.99867129190615,0.608048622997626,0.117627835560031,0.874635420866258,0.323400444166145,0.101281768482229,1.73563875495067,2309.07975105408,-4604.15950210815,-4576.86022063307
1.99998585834179,0.607830745995499,0.117665335660191,0.879862461747096,0.319943442368744,0.101513932436648,1.74895529388013,2309.08216732813,-4604.16433465625,-4576.86505318117
1.99998368570999,0.607843551996502,0.11765192571358,0.880053398036569,0.319818021811102,0.101511548701356,1.74898168200536,2309.08214302645,-4604.16428605289,-4576.86500457781
1.99999997397084,0.60783599431687,0.117657117214817,0.880111545512854,0.319789878916157,0.101507916967657,1.74909717098519,2309.08216994723,-4604.16433989447,-4576.86505841939
1.99993495958036,0.607844510905527,0.117657555702519,0.880072154313975,0.319807388214644,0.101512988344604,1.74881965043228,2309.08204232325,-4604.1640846465,-4576.86480317142
1.99999997395843,0.607835993853584,0.117657117720256,0.880111563518314,0.319789865747336,0.101507918000207,1.74909719383989,2309.08216994531,-4604.16433989062,-4576.86505841554
1.99999986954335,0.607836008259465,0.117657117572023,0.880111480495974,0.319789897788178,0.101507927533996,1.74909595981915,2309.08216974259,-4604.16433948519,-4576.86505801011
1.9997388252098,0.607868535568902,0.117659928980973,0.880027188779588,0.319804475617374,0.101535528061801,1.74782437453066,2309.08164780089,-4604.16329560179,-4576.86401412671
1.99999739695088,0.607836357553804,0.11765711296144,0.880110213149303,0.31979045643316,0.10150802952155,1.74908455989856,2309.08216486836,-4604.16432973672,-4576.86504826164
1.99998698764956,0.607837588417173,0.117657324754351,0.880107979516401,0.319789443992028,0.10150974960197,1.74903478746565,2309.08214401664,-4604.16428803327,-4576.8650065582
1.99862643992651,0.608008997966128,0.117673714586069,0.87867067837769,0.32055786976321,0.10158915644527,1.74282410728569,2309.07948223474,-4604.15896446948,-4576.8596829944
1.99998592450797,0.607840738392358,0.117653529625687,0.88004143414323,0.319823947414508,0.101513414831071,1.74893394912616,2309.0821488074,-4604.1642976148,-4576.86501613973
1.99993492706296,0.607845164548582,0.117656661266403,0.880051346808317,0.319812798197696,0.101514357947513,1.74879501552897,2309.08204439605,-4604.16408879211,-4576.86480731703
1.99989871508473,0.607846940486533,0.117660620054554,0.880029772060319,0.319805172874321,0.101523975974835,1.7481195697262,2309.08197219256,-4604.16394438513,-4576.86466291005
1.99998698685498,0.60783751668199,0.117657288078156,0.88010415162396,0.319792288549383,0.101509513581198,1.7490361494002,2309.08214441914,-4604.16428883828,-4576.8650073632
1.99998476088476,0.607839436831375,0.117655743924532,0.880082055278835,0.319797447139134,0.101518807206967,1.74899524288887,2309.08214220216,-4604.16428440432,-4576.86500292924
1.99991487104223,0.607836951467981,0.117668229773456,0.879700598848294,0.319972016680045,0.101559327960936,1.74618881802308,2309.08202985895,-4604.1640597179,-4576.86477824282
1.99986631532209,0.607838269696069,0.117673075314691,0.87930709885267,0.320223847486609,0.10153966889857,1.74878171799722,2309.08197912917,-4604.16395825834,-4576.86467678326
1.99866053246439,0.608035602178594,0.117643249572866,0.879670564372843,0.319787467158919,0.101699012532012,1.74151478003907,2309.07942744315,-4604.15885488631,-4576.85957341123
1.99998438471771,0.607837502364111,0.117657729699547,0.880031495331638,0.319835453544439,0.10151198024497,1.74884960924849,2309.08214672332,-4604.16429344664,-4576.86501197156
1.99998583723143,0.607840309272202,0.117654293949654,0.880054601086493,0.319823831849283,0.101509039184802,1.74888863538609,2309.08214725634,-4604.16429451268,-4576.8650130376
1.99999986985422,0.607836007551018,0.117657118311328,0.880111538569074,0.319789870447483,0.101507925270239,1.74909669973504,2309.0821697371,-4604.16433947419,-4576.86505799912
1.9999349360946,0.607844033443241,0.117657887610068,0.880089162658644,0.319795836712493,0.101512705913446,1.74880565334434,2309.08204047543,-4604.16408095087,-4576.86479947579
1.9999831126695,0.607836674906139,0.117659541399295,0.879963259919488,0.319875451204371,0.10151297364118,1.74890344793441,2309.08215129738,-4604.16430259477,-4576.86502111969
1.99998429953916,0.607837266462549,0.117657474994196,0.880036759229279,0.319827546372399,0.101509661020652,1.74883912475904,2309.08214596835,-4604.1642919367,-4576.86501046162
1.99870523367945,0.60799867514629,0.117667369909251,0.879418355159646,0.319984922232524,0.101648216817623,1.74001680946508,2309.07951733611,-4604.15903467223,-4576.85975319715
1.99998472968234,0.60783962730091,0.117655512188294,0.880012765036896,0.319846360542377,0.10151309354903,1.74888453776721,2309.08214939969,-4604.16429879938,-4576.86501732431
1.99866199509221,0.608008751450964,0.117667814254271,0.879600930639873,0.319881803979226,0.101679342625414,1.74133800519374,2309.07943582815,-4604.1588716563,-4576.85959018123
1.99991661010102,0.607863733352739,0.117640043187596,0.879755793741003,0.319839707394965,0.101641225394135,1.74674640467552,2309.0820270022,-4604.16405400441,-4576.86477252933
1.99999986955085,0.6078360076442,0.117657118278557,0.880111518958501,0.31978988540628,0.10150792371866,1.74909676304453,2309.08216973855,-4604.1643394771,-4576.86505800203
1.99867616974057,0.607980011570533,0.117691145615345,0.879281830400498,0.320016898452288,0.10173810310086,1.74148838257748,2309.07949238792,-4604.15898477585,-4576.85970330077
1.99993487889305,0.607850712543037,0.117653113830771,0.880012623641028,0.319832264497178,0.101508069880898,1.7489559195737,2309.08204819462,-4604.16409638924,-4576.86481491417
1.99998477231216,0.607838599793851,0.117656579073521,0.880082465581382,0.319804805691314,0.101510289970312,1.74892930541826,2309.08214219062,-4604.16428438124,-4576.86500290616
1.99993500239591,0.607846823315406,0.117655484157651,0.88008481408142,0.319794917540131,0.101513266882843,1.74882287870081,2309.08204106591,-4604.16408213182,-4576.86480065674
1.99866399799312,0.608004442827041,0.117669007872918,0.879558727009012,0.319927194334609,0.101624301048633,1.74178458284331,2309.0794537592,-4604.1589075184,-4576.85962604332
1.9999998693542,0.607836011228286,0.117657114633255,0.880111229433803,0.319790054119845,0.101507936140481,1.74909608596544,2309.08216976871,-4604.16433953742,-4576.86505806234
1.99998698185316,0.6078375502189,0.117657326108662,0.880106381701371,0.319791081611204,0.101509238440953,1.74904227405606,2309.08214417478,-4604.16428834955,-4576.86500687447
1.99999986985421,0.607836007757088,0.117657118212584,0.880111563155026,0.319789855854766,0.101507925402915,1.74909671611637,2309.0821697345,-4604.164339469,-4576.86505799393
1.99998698754909,0.607837150094128,0.11765775192093,0.880097413289259,0.31979414610538,0.101511164487056,1.74904030355113,2309.08214512842,-4604.16429025684,-4576.86500878177
1.99999986961476,0.607836006572432,0.117657119258227,0.880111418881305,0.319789938038025,0.101507932698026,1.74909634846569,2309.08216974924,-4604.16433949849,-4576.86505802341
1.99993501800861,0.607842430522848,0.117658979070018,0.880093720786687,0.319793264984805,0.101512325844566,1.74878360732081,2309.08204014016,-4604.16408028031,-4576.86479880523
1.99998698647371,0.607838281712445,0.117656601002631,0.880103853794015,0.319792519001844,0.101509466211554,1.74903489653654,2309.08214444962,-4604.16428889924,-4576.86500742416
1.99998474675453,0.607838011254384,0.117657139025518,0.880082315884223,0.319796901674286,0.101516320015597,1.74877294304111,2309.08214205319,-4604.16428410638,-4576.8650026313
1.99989754212927,0.607852695882006,0.117653449675625,0.88002598822183,0.319806848605706,0.101519934614577,1.74817146948777,2309.08197025541,-4604.16394051083,-4576.86465903575
1.99998698384398,0.60783772868022,0.117657146230736,0.880106285480917,0.319791838437044,0.101508845164295,1.74903551510186,2309.08214418834,-4604.16428837668,-4576.86500690161
1.9999869835042,0.607837654151146,0.117657185370533,0.880108158114055,0.319790555871685,0.101508891500737,1.74903530358799,2309.08214399002,-4604.16428798004,-4576.86500650496
1.9999999739589,0.607835994625571,0.117657116993109,0.880111545554949,0.319789877452229,0.101507917505651,1.74909715117104,2309.0821699472,-4604.16433989441,-4576.86505841933
1.99993496942701,0.607843089360462,0.117658805549972,0.880070463482231,0.319809612234335,0.101511860494296,1.74879587035473,2309.08204250411,-4604.16408500822,-4576.86480353314
1.99973882199504,0.607868487407599,0.117661444178454,0.879978187887316,0.319839931700669,0.101525945981601,1.74771225917332,2309.08165261268,-4604.16330522536,-4576.86402375028
1.99993493427627,0.60784489067599,0.117657026187892,0.880088706779512,0.31979664327455,0.101512283426387,1.74879794887524,2309.08204051658,-4604.16408103316,-4576.86479955809
1.99998698749572,0.60783763401962,0.117657189788144,0.880108328461782,0.319789875948412,0.10150938662228,1.74902965721062,2309.08214397908,-4604.16428795815,-4576.86500648307
1.99999731718896,0.607834997107767,0.117658498489853,0.88010894182247,0.319791183774625,0.101507829302126,1.74907246270608,2309.08216483886,-4604.16432967773,-4576.86504820265
1.9999869742352,0.607837631682478,0.117657272750817,0.880106654639301,0.31979173367589,0.101508563127556,1.74903364533982,2309.0821441297,-4604.16428825939,-4576.86500678431
1.99868090242187,0.608019930976155,0.117655167568872,0.879338601725454,0.320111650947516,0.101621752266235,1.74285023116939,2309.07952776027,-4604.15905552054,-4576.85977404546
1.99999997397084,0.607835994066422,0.117657117635065,0.880111543867485,0.319789878426441,0.101507918520187,1.74909715562145,2309.08216994741,-4604.16433989481,-4576.86505841974
1.99993493689166,0.607843574084774,0.117658298064299,0.880092598638309,0.319793775360514,0.101513582109385,1.74879206912158,2309.08204010371,-4604.16408020742,-4576.86479873234
1.99998552869606,0.607834543134978,0.117660548014,0.880026706435464,0.319843089734459,0.101507199930662,1.74892633726967,2309.08214957836,-4604.16429915672,-4576.86501768164
1.99998698198792,0.607837797752372,0.117656992064682,0.88010599299844,0.319792211845375,0.101508190646643,1.7490454617729,2309.08214421668,-4604.16428843337,-4576.86500695829
1.99993483418916,0.607843728854638,0.117658324835459,0.880012674965763,0.319845162670575,0.101518910195563,1.74927558441016,2309.08204831871,-4604.16409663741,-4576.86481516234
1.9986288656959,0.608065387392786,0.117616311556597,0.878424427966598,0.320750367230025,0.1015200490581,1.74078196225966,2309.07947729522,-4604.15895459045,-4576.85967311537
1.99998698801705,0.607838049138262,0.117656802819597,0.88008372816095,0.319802207844979,0.101511840685804,1.74904684895499,2309.08214657038,-4604.16429314076,-4576.86501166568
1.99998339634361,0.607843783097173,0.117651445026657,0.880074841279309,0.319815505667417,0.101499620997291,1.74892466199014,2309.08214015625,-4604.1642803125,-4576.86499883742
1.99869642378181,0.608000794097936,0.117668680101696,0.879029124562846,0.320214943124595,0.10170196838004,1.7397912653235,2309.07952975943,-4604.15905951887,-4576.85977804379
1.99999986953232,0.607836007395072,0.117657118505521,0.880111464053101,0.319789922288454,0.101507921924422,1.74909673174304,2309.08216974431,-4604.16433948862,-4576.86505801354
1.99998105260121,0.607839481393412,0.117655451426326,0.879927579863369,0.319905388090342,0.101506359622556,1.74914123881775,2309.08215090533,-4604.16430181067,-4576.86502033559
1.99993488882541,0.607845191320121,0.117656203060141,0.88006402262881,0.319813072920406,0.101510396989259,1.74880739632426,2309.08204302616,-4604.16408605232,-4576.86480457724
1.99998334569203,0.607845065246888,0.117650968784009,0.88008710943983,0.31979898337513,0.101512369965485,1.74895540266768,2309.08213878323,-4604.16427756645,-4576.86499609138
1.99973806317715,0.607869258202185,0.117659471117788,0.88003705351917,0.319806366980154,0.101527712064701,1.74774895955792,2309.08164506305,-4604.16329012609,-4576.86400865101
1.99999986985422,0.607836007532528,0.117657118313157,0.880111539495035,0.319789869833548,0.10150792527737,1.74909670330637,2309.082169737,-4604.164339474,-4576.86505799892
1.99863134848197,0.607989175459108,0.117687822848172,0.876957804495729,0.321743807698879,0.101449653516438,1.73937545139603,2309.07958528214,-4604.15917056429,-4576.85988908921
1.99973519494174,0.607857869443914,0.117669853896014,0.879712305866631,0.320059275127966,0.10148145945544,1.74830990918073,2309.08167424557,-4604.16334849113,-4576.86406701605
1.9999856655112,0.607837947231407,0.117657800686004,0.880050691130871,0.319823282192085,0.101504339411525,1.74885285475548,2309.08214727294,-4604.16429454587,-4576.8650130708
1.99998400356194,0.607837455292095,0.117657838952802,0.880088326430136,0.319797914394995,0.101514198599821,1.74901236328583,2309.08214003154,-4604.16428006308,-4576.864998588
1.99866502604895,0.608005610878999,0.117670125352015,0.879497051427607,0.320013728186083,0.101597850918372,1.74200809883806,2309.07946726555,-4604.1589345311,-4576.85965305603
1.99999997395654,0.607835993403196,0.117657118212098,0.88011159230747,0.319789847288658,0.101507918901556,1.74909721764646,2309.08216994227,-4604.16433988453,-4576.86505840945
1.99973809873703,0.6078685980713,0.117659842797222,0.880043840389558,0.319801246405737,0.101526870495241,1.74787129407749,2309.08164478676,-4604.16328957352,-4576.86400809844
1.99863880507055,0.608035546238037,0.117641329237512,0.876926001764214,0.321851129320434,0.101414121564989,1.74330806396356,2309.07967701987,-4604.15935403974,-4576.86007256467
1.99864289922439,0.607993247781723,0.117686641231704,0.87951298972241,0.320012172397351,0.101615964256606,1.74289322190672,2309.07943299132,-4604.15886598264,-4576.85958450757
1.99998698622132,0.60783735772177,0.117657541258086,0.880105545886259,0.319791620256775,0.101509283570718,1.74903760647628,2309.08214427104,-4604.16428854208,-4576.865007067
1.9986915410377,0.608035392045926,0.117636225112516,0.879334033731515,0.320047466782771,0.101657799045991,1.7420008011549,2309.07953434499,-4604.15906868998,-4576.8597872149
1.99990043584223,0.607857788757249,0.117650742776129,0.88006239242911,0.319761983923309,0.10153204608644,1.74760863659174,2309.08197051214,-4604.16394102429,-4576.86465954921
1.99998357475006,0.607843553605688,0.11765209339856,0.879718189686429,0.320086898432151,0.101463939815223,1.74908162257399,2309.08217761286,-4604.16435522572,-4576.86507375064
1.99863835863457,0.60802381255871,0.117652327019056,0.879687246093776,0.319886239456189,0.10161704969282,1.74362207448816,2309.07941694698,-4604.15883389397,-4576.85955241889
1.99988348339405,0.607863071226323,0.117646970473778,0.879874356318236,0.31992905409686,0.101498178299788,1.74716580616636,2309.08195432903,-4604.16390865806,-4576.86462718299
1.99999997395972,0.607835995948275,0.117657115635846,0.880111554830434,0.319789866771779,0.101507918300372,1.7490969775364,2309.08216994623,-4604.16433989246,-4576.86505841738
1.99998375788363,0.60783732648777,0.117657997080072,0.880060195584076,0.319831198226392,0.10150250691481,1.74936252965953,2309.08214243286,-4604.16428486571,-4576.86500339063
1.99867200159975,0.607998917591292,0.117675762533817,0.879731667050143,0.319864971054943,0.101601427994258,1.74146851460051,2309.07944832643,-4604.15889665286,-4576.85961517778
1.9999869883575,0.607837489751574,0.117657391142248,0.880105321467885,0.319791466718282,0.101509359896653,1.74903211827862,2309.08214429825,-4604.1642885965,-4576.86500712143
1.99866636034459,0.607990630469264,0.117685779800523,0.879787838003929,0.319789974688408,0.101650205647028,1.74159492694418,2309.07943111228,-4604.15886222457,-4576.85958074949
1.99998392155881,0.607837927349977,0.117657331328543,0.880091921235539,0.319798305666348,0.101509776991216,1.74893078649739,2309.08213947203,-4604.16427894407,-4576.86499746899
1.99865577490157,0.60803104236845,0.117642803137479,0.879668877805721,0.319858281316919,0.101640979998388,1.74189868450558,2309.07942814327,-4604.15885628655,-4576.85957481147
1.99866666014706,0.60799635688717,0.117679874534651,0.879619005571044,0.319927825228821,0.10162346048663,1.74161269997226,2309.07945052284,-4604.15890104568,-4576.8596195706
1.9999869866318,0.607837830084531,0.117657167967418,0.880105111338208,0.319792137901748,0.101509346237705,1.7490363623305,2309.08214431763,-4604.16428863526,-4576.86500716018
1.99999986985422,0.607836007640881,0.117657118257734,0.880111536152777,0.319789871319849,0.101507925959088,1.74909670151337,2309.08216973735,-4604.1643394747,-4576.86505799963
1.99999997395347,0.607835994030048,0.11765711760223,0.880111566615129,0.319789862304527,0.101507919769222,1.7490972095934,2309.08216994497,-4604.16433988994,-4576.86505841486
1.99993493511394,0.607844169751173,0.117657777212647,0.880096033588016,0.319792110914111,0.101512798868452,1.74878679750153,2309.0820397372,-4604.1640794744,-4576.86479799932
1.99999997395964,0.607835994347547,0.117657117062629,0.880111507418285,0.319789904750109,0.101507913987588,1.74909715677107,2309.08216995123,-4604.16433990246,-4576.86505842738
1.99864398698844,0.608000016849939,0.117676948625489,0.87967276825763,0.319828320171323,0.101670701156229,1.74187708899775,2309.07940125923,-4604.15880251845,-4576.85952104337
1.99998379315503,0.607835701895884,0.117660550239323,0.880038622443515,0.319828261046325,0.10151331519381,1.74883866152959,2309.08214475034,-4604.16428950068,-4576.8650080256
1.99867814430346,0.608000000991328,0.117674906272959,0.879711578004788,0.319840140164709,0.101640569563557,1.74162922602684,2309.07946431534,-4604.15892863067,-4576.85964715559
1.99999726706287,0.607836335297724,0.117657150309873,0.8801070917356,0.319792643758005,0.101507849577739,1.74908225320012,2309.0821649346,-4604.1643298692,-4576.86504839412
1.99998628853323,0.607838406694568,0.117656550565902,0.880052062083964,0.319823617867592,0.101508004880045,1.74870309968601,2309.08214831322,-4604.16429662643,-4576.86501515135
1.99998437193106,0.607834061237488,0.117661797285899,0.880080957445901,0.319801711654356,0.101514248339607,1.74893944445251,2309.08214151395,-4604.16428302791,-4576.86500155283
1.99998401136935,0.607840658017789,0.117654104838827,0.880068150260375,0.319809240846064,0.101513365447582,1.74893735880959,2309.08214214221,-4604.16428428441,-4576.86500280933
1.99985534838951,0.607832943314024,0.117681335624524,0.879527555588906,0.320170156913028,0.101475088147632,1.74885324141248,2309.08193659101,-4604.16387318202,-4576.86459170694
1.99999739680086,0.607836251341734,0.117657203046957,0.88011068201777,0.319790189166258,0.101508008438231,1.74908626315794,2309.08216481862,-4604.16432963723,-4576.86504816215
1.9999025680934,0.607849523685724,0.117656733009748,0.880084507730177,0.319771335015084,0.101525260258748,1.74819503976888,2309.08197445529,-4604.16394891058,-4576.8646674355
1.99999986951341,0.607836008634381,0.117657115767603,0.880111536248645,0.319789866591251,0.101507925085028,1.7490967247171,2309.08216973665,-4604.1643394733,-4576.86505799822
1.99998478738781,0.607837168531491,0.117658015102962,0.880106840531707,0.319786831654768,0.101511898742067,1.74894542136099,2309.08213965542,-4604.16427931084,-4576.86499783576
1.99868532610471,0.608015745981543,0.117656039603473,0.879404723185669,0.320077557765977,0.101597269244095,1.7424757642623,2309.07952543849,-4604.15905087699,-4576.85976940191
1.99999997397084,0.607835994106548,0.117657117507972,0.880111563962138,0.319789865876566,0.101507917792468,1.74909720200036,2309.08216994529,-4604.16433989057,-4576.8650584155
1.99999986985423,0.607836007493647,0.117657118460404,0.880111533603813,0.319789873546529,0.101507924932186,1.74909669398857,2309.08216973762,-4604.16433947524,-4576.86505800016
1.99999986976145,0.607835981397344,0.117657155249666,0.880111073348772,0.319790078730515,0.101507990767442,1.74909658077762,2309.082169786,-4604.16433957201,-4576.86505809693
1.99998486811057,0.607837819568019,0.117657375282511,0.880068963557676,0.319813931012386,0.101509103947162,1.74885794078109,2309.08214377349,-4604.16428754698,-4576.86500607191
1.99866415130946,0.608017165059493,0.117659004113244,0.879489328526449,0.319992728785145,0.101638441682199,1.74097860505256,2309.07944717886,-4604.15889435772,-4576.85961288264
1.99999729442842,0.607836730747639,0.117656712016596,0.88010432786772,0.319795014025563,0.101507367807046,1.74908811775532,2309.08216528166,-4604.16433056332,-4576.86504908824
1.9999829471048,0.607843448306783,0.117652030092195,0.88002496956126,0.319824664348412,0.101531716656155,1.74909160192946,2309.08214438545,-4604.1642887709,-4576.86500729582
1.99973847793157,0.607870111190301,0.117659343675542,0.880032927182715,0.319807527848915,0.101527936139464,1.74768959837296,2309.08164614414,-4604.16329228829,-4576.86401081321
1.99998131687657,0.607838531430617,0.11765685914861,0.880066739963761,0.319807719062406,0.101508802523359,1.74894662566425,2309.08213680692,-4604.16427361384,-4576.86499213877
1.9999348142442,0.607849337745889,0.117652427947399,0.880061994931011,0.319819996778904,0.101507257625224,1.74883065471509,2309.08204309745,-4604.16408619491,-4576.86480471983
1.99999986985423,0.607836008432809,0.117657117320947,0.880111523912543,0.319789879772945,0.101507925080278,1.74909667068065,2309.08216973864,-4604.16433947729,-4576.86505800221
1.9999849426449,0.607841425559469,0.11765337349897,0.880073410362139,0.319805601582185,0.101511036951782,1.74892597012543,2309.0821434641,-4604.16428692819,-4576.86500545312
1.99993525804953,0.607843592794705,0.11765838668541,0.880091453066599,0.319792171137963,0.101516963481122,1.74885116476763,2309.08204090224,-4604.16408180448,-4576.8648003294
1.99993481316638,0.607846466161023,0.117655757240458,0.880071171895724,0.319799953153898,0.1015177474174,1.74898357907288,2309.08204216464,-4604.16408432927,-4576.86480285419
1.99993493806198,0.60784454134329,0.117657649401057,0.880089777602702,0.319794695169406,0.10151275025284,1.74879123335688,2309.08204040401,-4604.16408080802,-4576.86479933294
1.99973911960445,0.607869146576147,0.117659278919593,0.879983051660654,0.319848783073824,0.101518872314225,1.74779252331004,2309.08165303233,-4604.16330606467,-4576.86402458959
1.99999997397084,0.607835994128439,0.117657117482587,0.880111563286342,0.319789866512899,0.101507917503577,1.74909720196815,2309.08216994536,-4604.16433989072,-4576.86505841564
1.99866585994815,0.608021530208787,0.117650423312927,0.879692083399697,0.319880083054919,0.101598978697795,1.74152463283749,2309.07944134032,-4604.15888268065,-4576.85960120557
1.99998698718475,0.607837318345078,0.117657505405278,0.880108384163486,0.31979015443451,0.101508707711544,1.74903103156297,2309.08214397278,-4604.16428794556,-4576.86500647048
1.99999986985422,0.607836007591309,0.117657118237847,0.880111537842483,0.319789871517778,0.101507924701933,1.74909671505936,2309.08216973717,-4604.16433947435,-4576.86505799927
1.99993488002719,0.607842540691077,0.117661068631408,0.880064572307521,0.319814014231988,0.101508048396126,1.74885015534916,2309.08204294092,-4604.16408588184,-4576.86480440676
1.99998699234257,0.607837516990046,0.11765728909088,0.88010397947476,0.319790246879455,0.101511334570194,1.74902462495259,2309.08214444459,-4604.16428888918,-4576.8650074141
1.99998055169122,0.60783765696605,0.117658104556848,0.879743416360033,0.32005937655288,0.101478279320207,1.74922149104624,2309.08216901878,-4604.16433803755,-4576.86505656247
1.99870176345591,0.60799863523433,0.117670151240427,0.879701422311951,0.319901706755903,0.101600012001843,1.7430570691194,2309.07953708731,-4604.15907417462,-4576.85979269955
1.99998354268883,0.607837968256938,0.117657426520846,0.880086668008028,0.319802964613203,0.101510247373055,1.74901623429808,2309.0821392824,-4604.16427856479,-4576.86499708972
1.99999986955517,0.607836008254208,0.117657117901556,0.880111466054633,0.319789924359298,0.101507919250738,1.74909679522363,2309.08216974414,-4604.16433948829,-4576.86505801321
1.99999997396038,0.607835993717768,0.117657118073994,0.880111550447839,0.319789871903947,0.101507918386959,1.74909714952369,2309.08216994669,-4604.16433989338,-4576.86505841831
1.99999997397084,0.607835994320086,0.117657117280758,0.880111568435073,0.319789863065173,0.101507917563383,1.74909721449314,2309.08216994481,-4604.16433988963,-4576.86505841455
1.99869857098718,0.608006848799765,0.117664757852751,0.879448746159363,0.319991954387936,0.101677751448573,1.74237787833471,2309.07954242253,-4604.15908484507,-4576.85980336999
1.99998440366812,0.6078379225425,0.117657305865859,0.880093922582208,0.319793907300951,0.101511804022174,1.74877666815498,2309.08214014889,-4604.16428029778,-4576.8649988227
1.99999997395852,0.607835994738095,0.117657116926291,0.880111577295005,0.31978986183785,0.101507912646717,1.74909722414378,2309.08216994385,-4604.16433988771,-4576.86505841263
1.99998698264232,0.607837592850685,0.117657237222587,0.880107623898036,0.319790750064499,0.101508988896308,1.74903443929399,2309.08214404445,-4604.16428808891,-4576.86500661383
1.99867861631263,0.607995475204815,0.117678137793129,0.878130465486419,0.320970600784723,0.101455602909105,1.74035971389027,2309.07959581954,-4604.15919163908,-4576.859910164
1.99999986955622,0.607835983650219,0.117657141957155,0.88011146903435,0.319789857090463,0.101507967869581,1.74909652363838,2309.08216974383,-4604.16433948766,-4576.86505801258
1.99865041023525,0.608021719876538,0.117658529785151,0.879885325020038,0.319741394078979,0.101641813127223,1.7430832200868,2309.07941326728,-4604.15882653456,-4576.85954505948
1.99999986961412,0.607835993593215,0.1176571334927,0.880110868531548,0.319790347800988,0.101507857281197,1.74909770248198,2309.08216980733,-4604.16433961465,-4576.86505813957
1.99999997397084,0.607835994134951,0.117657117486356,0.880111563420223,0.31978986655602,0.101507917412185,1.74909720475555,2309.08216994534,-4604.16433989069,-4576.86505841561
1.99998406046786,0.607838853450498,0.117656378464519,0.880094113234829,0.319793123728937,0.101513484707191,1.74883502334554,2309.08213947022,-4604.16427894045,-4576.86499746537
1.9999869774926,0.60783790583592,0.117657032610794,0.880102813171825,0.31979392153796,0.101508721652519,1.74903487580404,2309.08214454166,-4604.16428908332,-4576.86500760824
1.99999997395895,0.607835995080907,0.117657116649293,0.880111542468693,0.319789876284321,0.101507917263504,1.74909717165826,2309.08216994753,-4604.16433989506,-4576.86505841998
1.9986797420447,0.607991205462858,0.117680308970307,0.879590415919518,0.31992928057978,0.101623609256338,1.74102214454043,2309.07946929552,-4604.15893859104,-4576.85965711596
1.99999997397084,0.607835994183982,0.117657117441868,0.880111562938138,0.319789866657517,0.101507917567027,1.74909719768625,2309.08216994539,-4604.16433989079,-4576.86505841571
1.99867710702422,0.607988124840856,0.117688226827982,0.879337208485316,0.320073380628487,0.101647640901633,1.74105427352729,2309.07948826045,-4604.1589765209,-4576.85969504582
1.99860675059768,0.608015726088218,0.117669164307095,0.879219597549216,0.320240856552963,0.101544359550666,1.74312731066958,2309.0793944278,-4604.1587888556,-4576.85950738052
1.99999986957581,0.607836036223815,0.117657098476985,0.880110795834591,0.319790401571025,0.101507854301173,1.74909596263717,2309.08216981492,-4604.16433962983,-4576.86505815475
1.99998410748474,0.607837293920767,0.117657968980371,0.880093574397217,0.319800822950716,0.101507261316528,1.74898006799621,2309.08213969088,-4604.16427938175,-4576.86499790668
1.99984850905857,0.607854755035793,0.117660250882048,0.87875768955744,0.32069196747826,0.101447583127223,1.74745497962354,2309.08199728017,-4604.16399456034,-4576.86471308527
1.99987919947415,0.607846344456778,0.117663358225043,0.878199016273854,0.321135984318241,0.101398794368095,1.74861257931821,2309.08211610196,-4604.16423220393,-4576.86495072885
1.99999986985421,0.60783600761712,0.117657118304166,0.880111538698043,0.319789872086166,0.101507923826462,1.7490967361075,2309.08216973708,-4604.16433947417,-4576.86505799909
1.99998462447249,0.607839956337486,0.117656820360354,0.879978356904411,0.319869931723581,0.101508971390601,1.74889985724956,2309.08215278312,-4604.16430556624,-4576.86502409116
1.99999947941038,0.607836065579117,0.117657112989374,0.880111425239283,0.319789886921466,0.101507962746785,1.74909475011732,2309.08216895828,-4604.16433791656,-4576.86505644148
1.9986365193947,0.607995873163203,0.117686727492069,0.879511945703496,0.320030395629431,0.101568242518072,1.74124296382868,2309.07939449593,-4604.15878899186,-4576.85950751678
1.99865750251124,0.608007794548772,0.11766881177762,0.87964243392302,0.319904711855149,0.101619574549021,1.74166444369079,2309.07943108813,-4604.15886217625,-4576.85958070117
1.99998464819684,0.60784026901713,0.117654889556211,0.880059920554022,0.319814827085393,0.101512744571664,1.74888858790755,2309.08214428394,-4604.16428856788,-4576.86500709281
1.99999997397084,0.607835994155534,0.117657117480375,0.880111563586852,0.319789866105241,0.101507917709623,1.74909719925253,2309.08216994533,-4604.16433989065,-4576.86505841557
1.99999997397084,0.607835994139499,0.117657117503803,0.880111559229778,0.31978986959688,0.101507917042429,1.74909719141923,2309.08216994579,-4604.16433989157,-4576.86505841649
1.99993460841619,0.607860061582588,0.117640194075228,0.880073581696545,0.319789077275759,0.101499629325229,1.74919877569701,2309.08204058239,-4604.16408116478,-4576.8647996897
1.99863883572693,0.607976529069633,0.117705032193403,0.876528447562517,0.322161320065301,0.101360385467751,1.74075553583653,2309.07966593193,-4604.15933186386,-4576.86005038879
1.99999986933193,0.607836037815307,0.117657084594309,0.88011109269251,0.31979022083487,0.101507853885018,1.74909709157883,2309.0821697831,-4604.16433956619,-4576.86505809111
1.99988929838937,0.607851893411704,0.117656917986454,0.879991313638441,0.319846915987286,0.101504106612922,1.74778914565945,2309.08195631786,-4604.16391263573,-4576.86463116065
1.99998540362857,0.607838371991512,0.117657149488741,0.879996137732669,0.319857495407371,0.101513962147958,1.74894816735014,2309.08215252888,-4604.16430505777,-4576.86502358269
1.99993501393348,0.607847088140447,0.11765571331893,0.880063263512744,0.319780558615008,0.1015204545031,1.74885664371948,2309.08204292382,-4604.16408584763,-4576.86480437255
1.99867470654236,0.608001855373244,0.117672860296583,0.879598232538143,0.319914667833173,0.10164309897421,1.74268263443315,2309.07948535731,-4604.15897071462,-4576.85968923954
1.99863081102154,0.608005087522196,0.117677887027673,0.879202940787535,0.32023132495594,0.101586241107613,1.74230541599075,2309.07943199365,-4604.1588639873,-4576.85958251222
1.99999986944055,0.607835980449282,0.117657147352382,0.88011140200108,0.319789946217006,0.101507916344442,1.74909586005761,2309.08216975067,-4604.16433950134,-4576.86505802626
1.99999721835754,0.607836098428214,0.117657199784277,0.879722796310218,0.320068235932409,0.101481963089085,1.74920320162582,2309.08220493502,-4604.16440987003,-4576.86512839495
1.99999997395588,0.607835994278456,0.117657117340305,0.880111563716834,0.319789866586347,0.101507917041197,1.74909719849445,2309.08216994528,-4604.16433989056,-4576.86505841548
1.99999986956379,0.607836009598819,0.117657117965012,0.880111399012014,0.319789965622077,0.101507921123033,1.74909752381278,2309.08216975124,-4604.16433950247,-4576.8650580274
1.99864605656459,0.60797529598496,0.117702464175286,0.878191291173757,0.320867895705334,0.101527440775287,1.74094604001894,2309.07953370678,-4604.15906741356,-4576.85978593848
1.99870191725908,0.608001757994796,0.117667389475403,0.879758128455659,0.319858622003077,0.101607808976269,1.74300172678235,2309.07953073587,-4604.15906147175,-4576.85977999667
1.9999852515172,0.607837899506215,0.117657315905132,0.880044104168797,0.319825899082603,0.101513463997638,1.74889106431767,2309.0821471724,-4604.16429434481,-4576.86501286973
1.99998073145781,0.607836445050933,0.117659349181594,0.879864886336539,0.319970296602478,0.101493311743891,1.74969029057,2309.08215642301,-4604.16431284601,-4576.86503137093
1.99998482658543,0.6078405140345,0.117654730455509,0.880072905117115,0.319805934646118,0.101514028247304,1.74895846773003,2309.08214330292,-4604.16428660584,-4576.86500513076
1.99999728295054,0.607836261584283,0.117657133305807,0.880101918685944,0.319795936723307,0.101507523113688,1.74908111637289,2309.08216551233,-4604.16433102466,-4576.86504954958
1.99998698980108,0.607837401206274,0.117657491861206,0.880101247224709,0.319795285722003,0.101508449649622,1.74902623288757,2309.08214473035,-4604.16428946071,-4576.86500798563
1.99353702730691,0.608660196841653,0.117713738132294,0.878007382814816,0.320493707035069,0.10187878544809,1.72244091078579,2309.06838408137,-4604.13676816274,-4576.83748668766
1.99973952022751,0.607876277920111,0.117652657057989,0.880029558185319,0.319797937124373,0.101541634870686,1.74776754550625,2309.08164873883,-4604.16329747766,-4576.86401600258
1.99999739688672,0.607836319692602,0.117657146865003,0.880110442243873,0.319790339715447,0.101508055293988,1.74908450086816,2309.08216484405,-4604.1643296881,-4576.86504821303
1.99998345898457,0.607837549537643,0.117657797314256,0.880100848213242,0.319794929900483,0.101508745257625,1.7490229543082,2309.08213762023,-4604.16427524045,-4576.86499376538
1.99999997395889,0.607836000024631,0.117657111775467,0.880111508479297,0.319789899325911,0.101507914700278,1.74909710665637,2309.08216995112,-4604.16433990224,-4576.86505842716
1.99998384380688,0.607839781012577,0.11765603108744,0.880067710270559,0.319817955627733,0.101505472018024,1.74898673226489,2309.08214187946,-4604.16428375893,-4576.86500228385
1.99998226853533,0.607837352801823,0.117658238868463,0.880080691746264,0.319810059252527,0.101509587084216,1.74923823647035,2309.08213731308,-4604.16427462617,-4576.86499315109
1.99993493557882,0.607844192525827,0.117657856892176,0.880090360575428,0.319796028074322,0.101512521840495,1.74878507740004,2309.08204033487,-4604.16408066975,-4576.86479919467
1.99998563295453,0.607837031455068,0.117657445613355,0.880078721116034,0.319806251762692,0.101510115032217,1.74885833692298,2309.0821442917,-4604.1642885834,-4576.86500710832
1.99998461001888,0.607841244610708,0.117653886826999,0.880049072260792,0.31981618012558,0.101520967607852,1.74894114809689,2309.08214532686,-4604.16429065373,-4576.86500917865
1.99993473835369,0.607849364422146,0.117652806982473,0.880010131004643,0.319840051887505,0.101515683444725,1.7489759491927,2309.08204840422,-4604.16409680844,-4576.86481533336
1.99998698630979,0.607837633647023,0.117657250961119,0.880106401569286,0.319791369174549,0.101508845567948,1.74903447562503,2309.08214418085,-4604.1642883617,-4576.86500688663
1.99998073860212,0.607838269757774,0.11765778516585,0.880084629871873,0.319801974122393,0.101506588799704,1.7490077364038,2309.08213379656,-4604.16426759312,-4576.86498611804
1.99999986985421,0.607836007699355,0.117657118248985,0.880111533660095,0.319789873130355,0.101507925022901,1.74909673793796,2309.08216973761,-4604.16433947523,-4576.86505800015
1.99984255173025,0.607934696420481,0.117577930735845,0.877376831773979,0.321590849309686,0.101446849152983,1.74559088376239,2309.08209823754,-4604.16419647507,-4576.864915
1.99998698073234,0.607837706516367,0.117657211449973,0.880108337058764,0.319790367677736,0.101508958639049,1.74903450570627,2309.0821439654,-4604.1642879308,-4576.86500645572
1.99999986985422,0.607836007567213,0.117657118262963,0.880111539491925,0.319789869799002,0.101507925224562,1.74909670295981,2309.082169737,-4604.164339474,-4576.86505799892
1.99998410443463,0.607841016772572,0.117654047004165,0.879889845971452,0.319939407022107,0.101498944637912,1.74879121262938,2309.08216094208,-4604.16432188417,-4576.86504040909
1.99998167141596,0.607839256384929,0.117656349545859,0.880094284167825,0.319795514610849,0.101512309547825,1.74900563310156,2309.08213468434,-4604.16426936868,-4576.8649878936
1.99999947940928,0.607836059603986,0.117657119613239,0.88011147339854,0.319789862910799,0.101507958248582,1.74909489490385,2309.08216895319,-4604.16433790639,-4576.86505643131
1.99868928847496,0.608008307655849,0.117661483448664,0.879476244952265,0.319939648716332,0.101685696096283,1.74225461779682,2309.07951813858,-4604.15903627716,-4576.85975480209
1.99999997395274,0.607835993653301,0.117657117943365,0.880111548322278,0.319789879025571,0.101507915133663,1.74909728321129,2309.0821699469,-4604.1643398938,-4576.86505841872
1.99999986985422,0.607836007541029,0.11765711829179,0.88011153935695,0.319789870070795,0.101507925185113,1.74909670724355,2309.08216973701,-4604.16433947403,-4576.86505799895
1.99868965102906,0.607964182898861,0.117704414496843,0.879623283121278,0.319886054517861,0.101605562122621,1.74100894120714,2309.07948338335,-4604.1589667667,-4576.85968529162
1.99859649289319,0.608032900680423,0.117654757170433,0.879340933893158,0.320151869095797,0.101560128260075,1.74121881390071,2309.07933141014,-4604.15866282028,-4576.8593813452
1.99999739697238,0.60783635098197,0.117657115779274,0.880110634560505,0.319790104690818,0.101508158038871,1.74908516384507,2309.08216482394,-4604.16432964789,-4576.86504817281
1.99988623839278,0.607858530683128,0.117647157613075,0.879916707284066,0.319847120066,0.101535060864818,1.74765810711686,2309.08195681566,-4604.16391363132,-4576.86463215624
1.99998456248782,0.607837122877339,0.117659233408082,0.880099148166229,0.319789187395751,0.101506741469084,1.74909221136251,2309.08213996758,-4604.16427993517,-4576.86499846009
1.99999997397084,0.607835994150195,0.11765711746276,0.880111563746255,0.319789866206,0.101507917528974,1.74909720153168,2309.08216994531,-4604.16433989062,-4576.86505841554
1.99998618582883,0.607836870680087,0.117658116368308,0.879912015872602,0.31991772449275,0.101508013767772,1.74890610991419,2309.08216290901,-4604.16432581801,-4576.86504434294
1.99998605056734,0.607837793880866,0.117657210826864,0.880108349645219,0.319789951831773,0.101508858773748,1.74903616001443,2309.0821420803,-4604.16428416059,-4576.86500268551
1.99865434143532,0.608045190796766,0.117630468631265,0.878607371370148,0.32030600858547,0.101883551001502,1.74109390840304,2309.07948542883,-4604.15897085765,-4576.85968938258
1.99987806545178,0.607837919098751,0.117671473238817,0.879612886047541,0.319965844633687,0.101629443125806,1.74873255166946,2309.08196958202,-4604.16393916403,-4576.86465768896
1.99999986953534,0.607836009426058,0.11765711646043,0.880111283657924,0.319790042928466,0.101507917213543,1.74909653263594,2309.08216976335,-4604.16433952671,-4576.86505805163
1.99998436721054,0.607839440855263,0.117655858233582,0.88007600737207,0.319811491255953,0.10150693504854,1.74887742183168,2309.08214202674,-4604.16428405349,-4576.86500257841
1.9986635698867,0.607997167149831,0.117677677188602,0.879536380216966,0.319950396832259,0.101626806245706,1.74148748581287,2309.07945009701,-4604.15890019403,-4576.85961871895
1.99999730891802,0.607836386989293,0.117657088504131,0.880106148661726,0.319793810245482,0.101507439839857,1.74909365740571,2309.08216511911,-4604.16433023823,-4576.86504876315
1.99998411167939,0.607839040873748,0.117656688953814,0.880073533434858,0.319814123581755,0.101505638420841,1.74901488169796,2309.08214181615,-4604.16428363231,-4576.86500215723
1.99865953257648,0.607981810092016,0.117692384220826,0.879689926831004,0.319869751114962,0.101599177359566,1.74141155501388,2309.07942482087,-4604.15884964175,-4576.85956816667
1.99998471348712,0.607840914984011,0.117654255029502,0.880097365406744,0.319796674030087,0.101507343743112,1.74900090408024,2309.08214051621,-4604.16428103242,-4576.86499955734
1.99998365117443,0.607838126769676,0.117657235615262,0.880090405432103,0.31980274103584,0.101508029896455,1.74901909823032,2309.08213911055,-4604.16427822111,-4576.86499674603
1.99999986985422,0.607836007776672,0.117657118082303,0.880111536499215,0.319789871782614,0.101507925551138,1.74909669920959,2309.08216973732,-4604.16433947463,-4576.86505799955
1.99998463073348,0.607833389755878,0.117661911333312,0.880062952562126,0.31981079969414,0.101516088745683,1.74882096305595,2309.08214386961,-4604.16428773922,-4576.86500626414
1.99999739664879,0.607836299389579,0.117657169415589,0.880110881304009,0.319789968298552,0.101508081567563,1.74908605476,2309.08216479727,-4604.16432959454,-4576.86504811947
1.99865115935415,0.608028917976193,0.117651798185509,0.878642838430537,0.320693429418547,0.101468960429512,1.74353088238596,2309.07954735286,-4604.15909470572,-4576.85981323064
1.99993499712275,0.607843602918783,0.117658355828058,0.880074091718518,0.319803171897129,0.101508440136826,1.74879011178139,2309.08204214542,-4604.16408429084,-4576.86480281577
1.99999739688338,0.607836328901091,0.117657129929181,0.880110765810068,0.319789982821947,0.101508143207551,1.74908352920383,2309.08216480986,-4604.16432961973,-4576.86504814465
1.99999986958054,0.607836016735285,0.117657113015948,0.880111012429101,0.31979016343391,0.10150794783305,1.74909565681971,2309.08216979207,-4604.16433958413,-4576.86505810906
1.99998573050191,0.607839160815432,0.117655828762389,0.880050623565431,0.319827935112901,0.101507528508509,1.74892053006245,2309.08214747993,-4604.16429495986,-4576.86501348479
1.99999986958659,0.607836007720087,0.117657118152193,0.880111493604067,0.319789910103311,0.101507919906763,1.74909719146832,2309.0821697413,-4604.1643394826,-4576.86505800752
1.99983766786761,0.607843421323495,0.117669428550761,0.877271375227604,0.321829159623326,0.101289682559554,1.74803898573762,2309.082113659,-4604.16422731801,-4576.86494584293
1.99999986985422,0.607836007555747,0.117657118276526,0.880111539303209,0.319789869912502,0.101507925345664,1.74909670004937,2309.08216973702,-4604.16433947404,-4576.86505799896
1.99999986960961,0.607836013448222,0.117657112310982,0.880111225881648,0.319790038755332,0.101507950863623,1.74909574519352,2309.0821697696,-4604.1643395392,-4576.86505806412
1.999739040839,0.607874271233121,0.117655039381291,0.88000766613148,0.319813993727217,0.101537987603096,1.74774091640579,2309.08165001778,-4604.16330003556,-4576.86401856048
1.99998406765952,0.607838421039859,0.11765685334756,0.880090636708949,0.319801273938883,0.101508601508299,1.74894113425532,2309.0821399082,-4604.16427981639,-4576.86499834131
1.99999986985422,0.607836007636962,0.117657118132,0.880111538286295,0.319789870742877,0.101507925054543,1.74909670393805,2309.08216973713,-4604.16433947425,-4576.86505799917
1.99866558518444,0.607969350757418,0.117707422032314,0.879746757883444,0.31973449428133,0.101700897105086,1.74072048466442,2309.07941295785,-4604.1588259157,-4576.85954444062
1.99999986929399,0.60783599841224,0.117657129053603,0.880110555431461,0.319790600027207,0.101507857562165,1.74909905988215,2309.08216983972,-4604.16433967943,-4576.86505820435
1.99999727797271,0.607836593107657,0.117656916985006,0.880108772912408,0.31979089599279,0.101508634087595,1.74908805957701,2309.0821647793,-4604.1643295586,-4576.86504808352
1.99988697706931,0.607859047259878,0.117650615506313,0.879404779090943,0.320271289779909,0.101460727878808,1.74702657620377,2309.08200884683,-4604.16401769366,-4576.86473621858
1.99999728180182,0.607836102346352,0.117657239877126,0.880100987395736,0.319796100365843,0.101507912982142,1.74908627324035,2309.08216560819,-4604.16433121637,-4576.86504974129
1.99862335666444,0.60803725612124,0.117641684778562,0.878432773999808,0.320763035898781,0.10153543801007,1.74162133061765,2309.0794820097,-4604.1589640194,-4576.85968254433
1.99868623427233,0.607965907925089,0.117708621550152,0.879052681077811,0.320262900906655,0.101583676108623,1.74074326945334,2309.07952784628,-4604.15905569257,-4576.85977421749
1.99999986949617,0.607835998484515,0.117657128465652,0.880110892924724,0.319790301944293,0.10150789978409,1.7490975457935,2309.08216980451,-4604.16433960902,-4576.86505813395
1.99998698731711,0.607837789807494,0.117657078641746,0.880104823903045,0.319791289023062,0.101509816915512,1.74903126053605,2309.08214434826,-4604.16428869653,-4576.86500722145
1.99988832673031,0.607861385714385,0.117648817319036,0.879839234067845,0.319926383806067,0.101513485173377,1.7471831353067,2309.08196778288,-4604.16393556577,-4576.86465409069
1.99863430055318,0.608026272681371,0.11765319536039,0.878168055661119,0.320931661872176,0.101563058693919,1.74243115483015,2309.07954151414,-4604.15908302828,-4576.8598015532
1.99998699009386,0.60783738056874,0.117657533877095,0.880092342124259,0.319797138710027,0.101511604734254,1.74902787899116,2309.08214566603,-4604.16429133207,-4576.86500985699
1.9999998695714,0.607836007457786,0.117657119751303,0.880111479922407,0.319789908734635,0.101507923771278,1.74909665891925,2309.08216974271,-4604.16433948543,-4576.86505801035
1.99989175087191,0.607838568987268,0.117666230531952,0.87991449663966,0.319830177432371,0.10155097737006,1.74761374827059,2309.08196769105,-4604.1639353821,-4576.86465390702
1.99866564811152,0.608010766211531,0.117664008105608,0.879569327264665,0.319888224025911,0.101652838314735,1.73970579540618,2309.07941566046,-4604.15883132093,-4576.85954984585
1.9999837735752,0.607840210119217,0.117653521255627,0.880069137821661,0.319804330791115,0.101513813714883,1.74884328543904,2309.08214147874,-4604.16428295748,-4576.86500148241
1.99993456614038,0.607846410598015,0.117654949096168,0.880058569400773,0.319810702253237,0.101517016913901,1.74889116383218,2309.0820429704,-4604.1640859408,-4576.86480446572
1.99866599487101,0.607997456591023,0.117679232916331,0.87958927209599,0.31990978685453,0.101631729223633,1.74181048968736,2309.07945482066,-4604.15890964133,-4576.85962816625
1.99982828247557,0.607902201552484,0.117613541499363,0.877701345059017,0.321383907758974,0.101454411592204,1.74741468544598,2309.08205466424,-4604.16410932848,-4576.8648278534
1.99870089646694,0.608000449539364,0.117671432153625,0.879747041937245,0.319855697382116,0.10162047474214,1.743313428505,2309.07953345428,-4604.15906690855,-4576.85978543348
1.9999869888692,0.607836880369848,0.117657980973095,0.880087730203222,0.31979971512302,0.101510677162657,1.74902047581906,2309.08214614679,-4604.16429229359,-4576.86501081851
1.9999348517111,0.607842859202682,0.117659473844731,0.879911943915403,0.3199220956618,0.101503754928944,1.74902455459221,2309.08205898324,-4604.16411796648,-4576.8648364914
1.99999986954829,0.607836007542856,0.117657118328879,0.880111523887196,0.319789880294058,0.101507924842359,1.74909668963979,2309.08216973803,-4604.16433947605,-4576.86505800098
1.99973786759594,0.607864174348554,0.117664233526112,0.8800258567032,0.319813928051653,0.101524135164874,1.74777338859857,2309.08164587663,-4604.16329175326,-4576.86401027818
1.99998417677985,0.607839559435345,0.117655560342155,0.880101071458527,0.319789594759807,0.101513175650209,1.74896241728554,2309.08213902912,-4604.16427805824,-4576.86499658317
1.99999986985422,0.607836007319593,0.117657118521509,0.880111539400968,0.319789871027906,0.10150792407301,1.74909671112044,2309.08216973701,-4604.16433947402,-4576.86505799894
1.99993509766662,0.607840954494657,0.117660603348996,0.880087806169787,0.319793540883757,0.101513476682291,1.74881499406943,2309.08204092976,-4604.16408185952,-4576.86480038444
1.99868631591611,0.607977970056029,0.117693901751989,0.879733016031012,0.319824885534657,0.101631909228083,1.74081851541452,2309.07946325505,-4604.1589265101,-4576.85964503502
1.99860770445242,0.607998554231508,0.117689129123678,0.87636895814876,0.322093904773479,0.101546320010729,1.74306862672904,2309.07965155578,-4604.15930311156,-4576.86002163648
1.99999997397084,0.607835994113569,0.117657117495481,0.880111566180336,0.319789864514338,0.101507917652443,1.74909720189884,2309.08216994505,-4604.16433989011,-4576.86505841503
1.99998442479357,0.607836306525326,0.11765844182833,0.880029246494349,0.319828078619305,0.101514993380536,1.74898222385047,2309.08214704681,-4604.16429409362,-4576.86501261854
1.99998356913641,0.607836841125552,0.117658513197424,0.880096414334155,0.319797190690163,0.101509023611975,1.74903097207698,2309.0821383104,-4604.1642766208,-4576.86499514572
1.99993493093498,0.607842363609963,0.117659570945532,0.880072622283039,0.319805907517183,0.10151155327005,1.74884584829404,2309.08204222206,-4604.16408444412,-4576.86480296904
1.9986436380389,0.608095707922045,0.117579876456312,0.877328259721892,0.321569185145469,0.101423666099002,1.74146981853301,2309.07961894801,-4604.15923789602,-4576.85995642094
1.99999986985422,0.607836007263336,0.117657118506267,0.880111535976772,0.319789871581584,0.101507925781115,1.74909669920258,2309.08216973737,-4604.16433947474,-4576.86505799966
1.99867622179567,0.608018026122543,0.117653317535719,0.879715650601313,0.319814843308929,0.101660052318032,1.74098605976238,2309.07944816287,-4604.15889632573,-4576.85961485065
1.99307791091964,0.608752133150534,0.117689745005536,0.878097055358807,0.320110104707398,0.102117167808653,1.71225936745342,2309.06667244433,-4604.13334488865,-4576.83406341357
1.99999739710485,0.60783629186855,0.117657169123969,0.880109947637152,0.319790246642451,0.101508371041697,1.74908430977817,2309.08216489664,-4604.16432979327,-4576.86504831819
1.99999997397084,0.6078359940703,0.11765711753049,0.880111565090037,0.31978986538307,0.101507917466362,1.74909720133752,2309.08216994517,-4604.16433989033,-4576.86505841526
1.99998403587084,0.607838562054269,0.117656686419744,0.880086802989806,0.319798143173134,0.101513988474576,1.74890132139124,2309.08214022398,-4604.16428044796,-4576.86499897288
1.99993220214611,0.607830033136456,0.11767570385619,0.879208481026087,0.320311290250632,0.101528640908584,1.74618849437539,2309.08211480139,-4604.16422960278,-4576.8649481277
1.99998445032856,0.607834340352289,0.117661677265926,0.88008748236369,0.319793041229758,0.101517181784585,1.74890028766834,2309.08214095807,-4604.16428191615,-4576.86500044107
1.99989902430392,0.607847247069338,0.117659670555946,0.879993268851389,0.319866754442297,0.101502501939036,1.74855144485655,2309.08197755562,-4604.16395511125,-4576.86467363617
1.99999997397084,0.607835993943912,0.117657117669939,0.880111563834391,0.319789866222206,0.101507917376608,1.7490971946763,2309.0821699453,-4604.1643398906,-4576.86505841552
1.99992296981371,0.607820761788848,0.117681345033405,0.879878688884014,0.319836385756852,0.101591680316028,1.74746604050554,2309.08203319508,-4604.16406639015,-4576.86478491507
1.99999986985422,0.607836007498626,0.117657118355036,0.880111542148413,0.319789867958878,0.101507925388729,1.74909669874269,2309.08216973672,-4604.16433947344,-4576.86505799836
1.99998699166523,0.607837961021469,0.1176569085865,0.880097449934871,0.319796335978511,0.101509925598648,1.74902881299208,2309.08214513424,-4604.16429026849,-4576.86500879341
1.99998486842716,0.607842141962642,0.11765261428093,0.880043912704291,0.319817256360478,0.101522299958317,1.74891883632006,2309.08214636504,-4604.16429273009,-4576.86501125501
1.99998379613194,0.60783710370749,0.11765894497743,0.880109314154434,0.319786740728927,0.101505582872451,1.74897668389555,2309.08213737172,-4604.16427474345,-4576.86499326837
1.99999997397084,0.607835994154423,0.117657117451506,0.880111563218046,0.319789866429127,0.101507917607712,1.74909719683471,2309.08216994537,-4604.16433989073,-4576.86505841565
1.99998215448325,0.607839544798176,0.117654610565877,0.879889729919302,0.319938763922662,0.101500793749949,1.74909211862964,2309.08215710398,-4604.16431420797,-4576.86503273289
1.99870084007839,0.608006397207529,0.117665132618461,0.879741710252186,0.319878800479125,0.101600897060087,1.74320741688776,2309.07953336489,-4604.15906672978,-4576.8597852547
1.99868965442747,0.608016183676071,0.117654651728986,0.879446232516414,0.320001522637833,0.101618259427781,1.74341397803452,2309.07954076011,-4604.15908152023,-4576.85980004515
1.99999739683208,0.607836340297594,0.117657125790359,0.880110817084749,0.319790017852623,0.10150811738867,1.74908461703663,2309.08216480439,-4604.16432960877,-4576.86504813369
1.99999986959926,0.607836008583979,0.11765711724324,0.880111437506191,0.319789893730734,0.101507960524627,1.74909587613245,2309.08216974724,-4604.16433949449,-4576.86505801941
1.99999947941724,0.607836057847476,0.117657121377736,0.880111444978265,0.319789885634129,0.101507954081176,1.74909483325897,2309.08216895621,-4604.16433791242,-4576.86505643734
1.99999997397084,0.607835994129326,0.117657117478739,0.880111564566588,0.319789865345958,0.101507917726032,1.74909719700931,2309.08216994522,-4604.16433989045,-4576.86505841537
